Drug 	DrugBank ID
"etanercept"	"DB00005"
"zoledronic acid"	"DB00399"
"atorvastatin"	"DB01076"
"metformin"	"DB00331"
"rosiglitazone"	"DB00412"
"glimepiride"	"DB00222"
"levonorgestrel"	"DB00367"
"epoprostenol"	"DB01240"
"budesonide"	"DB01222"
"imiquimod"	"DB00724"
"formoterol"	"DB00983"
"ribavirin"	"DB00811"
"boceprevir"	"DB08873"
"peginterferon alfa-2a"	"DB00008"
"loratadine"	"DB00455"
"mirabegron"	"DB08893"
"levothyroxine"	"DB00451"
"furosemide"	"DB00695"
"amiodarone"	"DB01118"
"olanzapine"	"DB00334"
"aripiprazole"	"DB01238"
"trihexyphenidyl"	"DB00376"
"oxybutynin"	"DB01062"
"dasatinib"	"DB01254"
"clopidogrel"	"DB00758"
"ergocalciferol"	"DB00153"
"adalimumab"	"DB00051"
"cyanocobalamin"	"DB00115"
"insulin glargine"	"DB00047"
"varenicline"	"DB01273"
"liraglutide"	"DB06655"
"insulin glulisine"	"DB01309"
"lisdexamfetamine"	"DB01255"
"leflunomide"	"DB01097"
"prednisone"	"DB00635"
"cholecalciferol"	"DB00169"
"calcium"	"DB01373"
"human immunoglobulin g"	"DB00028"
"cyclosporine"	"DB00091"
"mycophenolate mofetil"	"DB00688"
"tacrolimus"	"DB00864"
"cortisone"	"DB14681"
"bosentan"	"DB00559"
"deferasirox"	"DB01609"
"amlodipine"	"DB00381"
"danazol"	"DB01406"
"clozapine"	"DB00363"
"ambrisentan"	"DB06403"
"metoclopramide"	"DB01233"
"acetaminophen"	"DB00316"
"magnesium oxide"	"DB01377"
"cilostazol"	"DB01166"
"hydroxychloroquine"	"DB01611"
"nifedipine"	"DB01115"
"pertuzumab"	"DB06366"
"trastuzumab"	"DB00072"
"docetaxel"	"DB01248"
"amitriptyline"	"DB00321"
"denosumab"	"DB06643"
"paclitaxel"	"DB01229"
"hydrocortisone"	"DB00741"
"ondansetron"	"DB00904"
"sodium oxybate"	"DB09072"
"oxycodone"	"DB00497"
"pregabalin"	"DB00230"
"rivaroxaban"	"DB06228"
"obinutuzumab"	"DB08935"
"promethazine"	"DB01069"
"capecitabine"	"DB01101"
"oxaliplatin"	"DB00526"
"bevacizumab"	"DB00112"
"etonogestrel"	"DB00294"
"fluticasone furoate"	"DB08906"
"azithromycin"	"DB00207"
"desogestrel"	"DB00304"
"telaprevir"	"DB05521"
"atomoxetine"	"DB00289"
"calcium chloride"	"DB01164"
"benazepril"	"DB00542"
"insulin aspart"	"DB01306"
"treprostinil"	"DB00374"
"peginterferon alfa-2b"	"DB00022"
"rebamipide"	"DB11656"
"simeprevir"	"DB06290"
"celecoxib"	"DB00482"
"omeprazole"	"DB00338"
"rituximab"	"DB00073"
"vincristine"	"DB00541"
"cyclophosphamide"	"DB00531"
"prednisolone"	"DB00860"
"doxorubicin"	"DB00997"
"levofloxacin"	"DB01137"
"zopiclone"	"DB01198"
"topiramate"	"DB00273"
"citalopram"	"DB00215"
"sotalol"	"DB00489"
"dabigatran"	"DB14726"
"clonazepam"	"DB01068"
"clobazam"	"DB00349"
"gabapentin"	"DB00996"
"losartan"	"DB00678"
"gliclazide"	"DB01120"
"fluvoxamine"	"DB00176"
"pravastatin"	"DB00175"
"cyclobenzaprine"	"DB00924"
"zolpidem"	"DB00425"
"atenolol"	"DB00335"
"tizanidine"	"DB00697"
"sorafenib"	"DB00398"
"lactulose"	"DB00581"
"interferon beta-1a"	"DB00060"
"methotrexate"	"DB00563"
"diazepam"	"DB00829"
"lorazepam"	"DB00186"
"lenalidomide"	"DB00480"
"choline"	"DB00122"
"lansoprazole"	"DB00448"
"metoprolol"	"DB00264"
"memantine"	"DB01043"
"warfarin"	"DB00682"
"escitalopram"	"DB01175"
"dexamethasone"	"DB01234"
"tamsulosin"	"DB00706"
"potassium chloride"	"DB00761"
"nystatin"	"DB00646"
"rosuvastatin"	"DB01098"
"ceftriaxone"	"DB01212"
"nimesulide"	"DB04743"
"lacosamide"	"DB06218"
"meropenem"	"DB00760"
"cysteine"	"DB00151"
"daptomycin"	"DB00080"
"acyclovir"	"DB00787"
"teicoplanin"	"DB06149"
"lenograstim"	"DB13144"
"trazodone"	"DB00656"
"amphotericin b"	"DB00681"
"micafungin"	"DB01141"
"fluconazole"	"DB00196"
"flurbiprofen axetil"	"DB14938"
"doripenem"	"DB06211"
"potassium"	"DB14500"
"haloperidol"	"DB00502"
"imatinib"	"DB00619"
"fenofibrate"	"DB01039"
"natalizumab"	"DB00108"
"venlafaxine"	"DB00285"
"icodextrin"	"DB00702"
"diltiazem"	"DB00343"
"ritonavir"	"DB00503"
"zidovudine"	"DB00495"
"abacavir"	"DB01048"
"tenofovir"	"DB14126"
"atazanavir"	"DB01072"
"raltegravir"	"DB06817"
"ubidecarenone"	"DB09270"
"bimatoprost"	"DB00905"
"calcium polycarbophil"	"DB14684"
"valsartan"	"DB00177"
"hydrochlorothiazide"	"DB00999"
"interferon beta-1b"	"DB00068"
"fluticasone propionate"	"DB00588"
"montelukast"	"DB00471"
"insulin lispro"	"DB00046"
"iloprost"	"DB01088"
"latanoprost"	"DB00654"
"lisinopril"	"DB00722"
"omega-3 fatty acids"	"DB11133"
"carvedilol"	"DB01136"
"isosorbide dinitrate"	"DB00883"
"sodium chloride"	"DB09153"
"lamotrigine"	"DB00555"
"paroxetine"	"DB00715"
"eltrombopag"	"DB06210"
"phenobarbital"	"DB01174"
"carbamazepine"	"DB00564"
"pancrelipase"	"DB00085"
"allopurinol"	"DB00437"
"pantoprazole"	"DB00213"
"azathioprine"	"DB00993"
"erlotinib"	"DB00530"
"codeine"	"DB00318"
"trametinib"	"DB08911"
"nitrofurantoin"	"DB00698"
"taliglucerase alfa"	"DB08876"
"copper"	"DB09130"
"cetirizine"	"DB00341"
"clarithromycin"	"DB01211"
"sertraline"	"DB01104"
"tramadol"	"DB00193"
"mirtazapine"	"DB00370"
"donepezil"	"DB00843"
"naproxen"	"DB00788"
"solifenacin"	"DB01591"
"human c1-esterase inhibitor"	"DB06404"
"pazopanib"	"DB06589"
"ascorbic acid"	"DB00126"
"diclofenac"	"DB00586"
"fentanyl"	"DB00813"
"melatonin"	"DB01065"
"ustekinumab"	"DB05679"
"fingolimod"	"DB08868"
"aztreonam"	"DB00355"
"sunitinib"	"DB01268"
"morphine"	"DB00295"
"gemcitabine"	"DB00441"
"bupropion"	"DB01156"
"teduglutide"	"DB08900"
"reboxetine"	"DB00234"
"modafinil"	"DB00745"
"ranolazine"	"DB00243"
"spironolactone"	"DB00421"
"tiotropium"	"DB01409"
"enalapril"	"DB00584"
"exenatide"	"DB01276"
"darbepoetin alfa"	"DB00012"
"abatacept"	"DB01281"
"sofosbuvir"	"DB08934"
"paricalcitol"	"DB00910"
"emtricitabine"	"DB00879"
"etravirine"	"DB06414"
"baclofen"	"DB00181"
"dextromethorphan"	"DB00514"
"olopatadine"	"DB00768"
"insulin detemir"	"DB01307"
"glucosamine"	"DB01296"
"fish oil"	"DB13961"
"doxazosin"	"DB00590"
"insulin degludec"	"DB09564"
"pitavastatin"	"DB08860"
"azosemide"	"DB08961"
"telmisartan"	"DB00966"
"ipragliflozin"	"DB11698"
"ezetimibe"	"DB00973"
"paliperidone"	"DB01267"
"fluoxetine"	"DB00472"
"clomipramine"	"DB01242"
"simvastatin"	"DB00641"
"dimethyl fumarate"	"DB08908"
"elotuzumab"	"DB06317"
"folic acid"	"DB00158"
"amphetamine"	"DB00182"
"tobramycin"	"DB00684"
"methylprednisolone"	"DB00959"
"desvenlafaxine"	"DB06700"
"esomeprazole"	"DB00736"
"follitropin"	"DB00066"
"ganirelix"	"DB06785"
"progesterone"	"DB00396"
"estradiol"	"DB00783"
"triptorelin"	"DB06825"
"tofacitinib"	"DB08895"
"albendazole"	"DB00518"
"entecavir"	"DB00442"
"ticagrelor"	"DB08816"
"lithium carbonate"	"DB14509"
"propranolol"	"DB00571"
"quetiapine"	"DB01224"
"vinblastine"	"DB00570"
"dacarbazine"	"DB00851"
"brentuximab vedotin"	"DB08870"
"avobenzone"	"DB09495"
"pomalidomide"	"DB08910"
"bisoprolol"	"DB00612"
"mechlorethamine"	"DB00888"
"procarbazine"	"DB01168"
"apixaban"	"DB06605"
"valproic acid"	"DB00313"
"valerian"	"DB13196"
"duloxetine"	"DB00476"
"infliximab"	"DB00065"
"hydromorphone"	"DB00327"
"mometasone furoate"	"DB14512"
"ciprofloxacin"	"DB00537"
"midazolam"	"DB00683"
"amoxicillin"	"DB01060"
"ipratropium"	"DB00332"
"sennosides"	"DB11365"
"sulfacetamide"	"DB00634"
"nortriptyline"	"DB00540"
"azacitidine"	"DB00928"
"domperidone"	"DB01184"
"tocilizumab"	"DB06273"
"fluorouracil"	"DB00544"
"leucovorin"	"DB00650"
"itraconazole"	"DB01167"
"pamidronic acid"	"DB00282"
"chlorhexidine"	"DB00878"
"aclidinium"	"DB08897"
"guaifenesin"	"DB00874"
"glatiramer"	"DB05259"
"metronidazole"	"DB00916"
"nadolol"	"DB01203"
"oxygen"	"DB09140"
"pegfilgrastim"	"DB00019"
"octreotide"	"DB00104"
"iodine"	"DB05382"
"nebivolol"	"DB04861"
"ibuprofen"	"DB01050"
"bcg vaccine"	"DB12768"
"insulin human"	"DB00030"
"tazobactam"	"DB01606"
"propofol"	"DB00818"
"piperacillin"	"DB00319"
"ampicillin"	"DB00415"
"moxifloxacin"	"DB00218"
"sevoflurane"	"DB01236"
"imipenem"	"DB01598"
"ceftazidime"	"DB00438"
"teriparatide"	"DB06285"
"mianserin"	"DB06148"
"bromazepam"	"DB01558"
"tropatepine"	"DB13252"
"risperidone"	"DB00734"
"valpromide"	"DB04165"
"oxazepam"	"DB00842"
"minocycline"	"DB01017"
"omalizumab"	"DB00043"
"clonidine"	"DB00575"
"hydroxyzine"	"DB00557"
"metaxalone"	"DB00660"
"temozolomide"	"DB00853"
"fotemustine"	"DB04106"
"granisetron"	"DB00889"
"levetiracetam"	"DB01202"
"sumatriptan"	"DB00669"
"terbinafine"	"DB00857"
"oxcarbazepine"	"DB00776"
"everolimus"	"DB01590"
"apremilast"	"DB05676"
"prasugrel"	"DB06209"
"ramipril"	"DB00178"
"teriflunomide"	"DB08880"
"meclizine"	"DB00737"
"alprazolam"	"DB00404"
"fludarabine"	"DB01073"
"lopinavir"	"DB01601"
"lamivudine"	"DB00709"
"lidocaine"	"DB00281"
"propylthiouracil"	"DB00550"
"zolmitriptan"	"DB00315"
"ertapenem"	"DB00303"
"linaclotide"	"DB08890"
"methylphenidate"	"DB00422"
"cephalexin"	"DB00567"
"triamcinolone"	"DB00620"
"dofetilide"	"DB00204"
"degarelix"	"DB06699"
"fesoterodine"	"DB06702"
"carboplatin"	"DB00958"
"topotecan"	"DB01030"
"lomitapide"	"DB08827"
"doxycycline"	"DB00254"
"ruxolitinib"	"DB08877"
"fluvastatin"	"DB01095"
"abiraterone"	"DB05812"
"bicalutamide"	"DB01128"
"bosutinib"	"DB06616"
"iopamidol"	"DB08947"
"lubiprostone"	"DB01046"
"iohexol"	"DB01362"
"regorafenib"	"DB08896"
"felodipine"	"DB01023"
"sitagliptin"	"DB01261"
"betamethasone"	"DB00443"
"pristinamycin"	"DB13704"
"aliskiren"	"DB09026"
"tixocortol"	"DB09091"
"colchicine"	"DB01394"
"acetylcysteine"	"DB06151"
"atovaquone"	"DB01117"
"calcium carbonate"	"DB06724"
"drospirenone"	"DB01395"
"macitentan"	"DB08932"
"ropinirole"	"DB00268"
"glipizide"	"DB01067"
"tadalafil"	"DB00820"
"enzalutamide"	"DB08899"
"hyoscyamine"	"DB00424"
"canakinumab"	"DB06168"
"loperamide"	"DB00836"
"biotin"	"DB00121"
"cefuroxime"	"DB01112"
"diphenhydramine"	"DB01075"
"dimenhydrinate"	"DB00985"
"magnesium sulfate"	"DB00653"
"digoxin"	"DB00390"
"clindamycin"	"DB01190"
"docusate"	"DB11089"
"lurasidone"	"DB08815"
"clemastine"	"DB00283"
"leuprolide"	"DB00007"
"erythropoietin"	"DB00016"
"bendroflumethiazide"	"DB00436"
"beclomethasone dipropionate"	"DB00394"
"vemurafenib"	"DB08881"
"omega-3-acid ethyl esters"	"DB09539"
"carbidopa"	"DB00190"
"flucytosine"	"DB01099"
"sitafloxacin"	"DB13261"
"vancomycin"	"DB00512"
"phenytoin"	"DB00252"
"lapatinib"	"DB01259"
"alfuzosin"	"DB00346"
"cobimetinib"	"DB05239"
"silodosin"	"DB06207"
"irbesartan"	"DB01029"
"dutasteride"	"DB01126"
"romiplostim"	"DB05332"
"rizatriptan"	"DB00953"
"icatibant"	"DB06196"
"ecallantide"	"DB05311"
"ranibizumab"	"DB01270"
"famotidine"	"DB00927"
"meloxicam"	"DB00814"
"aflibercept"	"DB08885"
"ivabradine"	"DB09083"
"canrenone"	"DB12221"
"ranitidine"	"DB00863"
"atropine"	"DB00572"
"iron"	"DB01592"
"indomethacin"	"DB00328"
"amantadine"	"DB00915"
"ivermectin"	"DB00602"
"propiverine"	"DB12278"
"zonisamide"	"DB00909"
"candesartan cilexetil"	"DB00796"
"urapidil"	"DB12661"
"verapamil"	"DB00661"
"repaglinide"	"DB00912"
"piritramide"	"DB12492"
"ketoprofen"	"DB01009"
"pentoxifylline"	"DB00806"
"ambrosia artemisiifolia pollen"	"DB10385"
"linagliptin"	"DB08882"
"ibrutinib"	"DB09053"
"medroxyprogesterone acetate"	"DB00603"
"pramipexole"	"DB00413"
"buprenorphine"	"DB00921"
"nicotine"	"DB00184"
"melphalan"	"DB01042"
"thalidomide"	"DB01041"
"artemether"	"DB06697"
"sevelamer"	"DB00658"
"octinoxate"	"DB09496"
"ivacaftor"	"DB08820"
"vigabatrin"	"DB01080"
"ofatumumab"	"DB06650"
"bendamustine"	"DB06769"
"chlorpheniramine"	"DB01114"
"cetuximab"	"DB00002"
"irinotecan"	"DB00762"
"amiloride"	"DB00594"
"glyburide"	"DB01016"
"isotretinoin"	"DB00982"
"theophylline"	"DB00277"
"flucloxacillin"	"DB00301"
"methimazole"	"DB00763"
"levocetirizine"	"DB06282"
"chloramphenicol"	"DB00446"
"alfacalcidol"	"DB01436"
"alginic acid"	"DB13518"
"ciprofibrate"	"DB09064"
"linezolid"	"DB00601"
"alendronic acid"	"DB00630"
"oxymetazoline"	"DB00935"
"rabeprazole"	"DB01129"
"isosorbide mononitrate"	"DB01020"
"fexofenadine"	"DB00950"
"alogliptin"	"DB06203"
"febuxostat"	"DB04854"
"acenocoumarol"	"DB01418"
"fondaparinux"	"DB00569"
"niacin"	"DB00627"
"quinapril"	"DB00881"
"raloxifene"	"DB00481"
"testosterone"	"DB00624"
"colesevelam"	"DB00930"
"temazepam"	"DB00231"
"enoxaparin"	"DB01225"
"naphazoline"	"DB06711"
"aprepitant"	"DB00673"
"flax seed"	"DB10708"
"nevirapine"	"DB00238"
"sipuleucel-t"	"DB06688"
"lovastatin"	"DB00227"
"rivastigmine"	"DB00989"
"triamterene"	"DB00384"
"dalfampridine"	"DB06637"
"vismodegib"	"DB08828"
"vardenafil"	"DB00862"
"certolizumab pegol"	"DB08904"
"finasteride"	"DB01216"
"lutein"	"DB00137"
"cranberry"	"DB10631"
"carboxymethylcellulose"	"DB11059"
"azelastine"	"DB00972"
"ketorolac"	"DB00465"
"liothyronine"	"DB00279"
"magnesium"	"DB14513"
"tolvaptan"	"DB06212"
"capsaicin"	"DB06774"
"erythromycin"	"DB00199"
"bacitracin"	"DB00626"
"flurbiprofen"	"DB00712"
"stiripentol"	"DB09118"
"sildenafil"	"DB00203"
"saw palmetto"	"DB14360"
"vildagliptin"	"DB04876"
"voriconazole"	"DB00582"
"ziconotide"	"DB06283"
"efavirenz"	"DB00625"
"filgrastim"	"DB00099"
"loxoprofen"	"DB09212"
"terazosin"	"DB01162"
"plantago seed"	"DB11097"
"dexlansoprazole"	"DB05351"
"brimonidine"	"DB00484"
"chlorthalidone"	"DB00310"
"cytarabine"	"DB00987"
"ibandronate"	"DB00710"
"methocarbamol"	"DB00423"
"tapentadol"	"DB06204"
"etodolac"	"DB00749"
"crizotinib"	"DB08865"
"bortezomib"	"DB00188"
"iopromide"	"DB09156"
"armodafinil"	"DB06413"
"apomorphine"	"DB00714"
"methoxsalen"	"DB00553"
"piroxicam"	"DB00554"
"vilazodone"	"DB06684"
"dapagliflozin"	"DB06292"
"roflumilast"	"DB01656"
"elosulfase alfa"	"DB09051"
"cefdinir"	"DB00535"
"clofarabine"	"DB00631"
"daunorubicin"	"DB00694"
"idarubicin"	"DB01177"
"fluocinonide"	"DB01047"
"doxepin"	"DB01142"
"carisoprodol"	"DB00395"
"riboflavin"	"DB00140"
"magnesium citrate"	"DB11110"
"gemfibrozil"	"DB01241"
"carbimazole"	"DB00389"
"axitinib"	"DB06626"
"bumetanide"	"DB00887"
"ipilimumab"	"DB06186"
"oxaprozin"	"DB00991"
"nefazodone"	"DB01149"
"vinorelbine"	"DB00361"
"pioglitazone"	"DB01132"
"phenelzine"	"DB00780"
"buspirone"	"DB00490"
"captopril"	"DB01197"
"clopamide"	"DB13792"
"egg phospholipids"	"DB14233"
"tetrazepam"	"DB13324"
"levodopa"	"DB01235"
"epirubicin"	"DB00445"
"hydrocodone"	"DB00956"
"afatinib"	"DB08916"
"scopolamine"	"DB00747"
"cyclizine"	"DB01176"
"sodium bicarbonate"	"DB01390"
"eletriptan"	"DB00216"
"anastrozole"	"DB01217"
"sucralfate"	"DB00364"
"sulfamethoxazole"	"DB01015"
"ramelteon"	"DB00980"
"prednisolone acetate"	"DB15566"
"vorinostat"	"DB02546"
"dexamethasone acetate"	"DB14649"
"rasagiline"	"DB01367"
"xylometazoline"	"DB06694"
"eslicarbazepine acetate"	"DB09119"
"felbamate"	"DB00949"
"cabergoline"	"DB00248"
"zanamivir"	"DB00558"
"ritodrine"	"DB00867"
"nadroparin"	"DB08813"
"carfilzomib"	"DB08889"
"apraclonidine"	"DB00964"
"eculizumab"	"DB01257"
"metolazone"	"DB00524"
"galsulfase"	"DB01279"
"foscarnet"	"DB00529"
"valganciclovir"	"DB01610"
"alemtuzumab"	"DB00087"
"darunavir"	"DB01264"
"tinzaparin"	"DB06822"
"pemetrexed"	"DB00642"
"cisplatin"	"DB00515"
"human rho(d) immune globulin"	"DB11597"
"golimumab"	"DB06674"
"phleum pratense pollen"	"DB10394"
"dalteparin"	"DB06779"
"perindopril"	"DB00790"
"indapamide"	"DB00808"
"idursulfase"	"DB01271"
"belimumab"	"DB08879"
"sirolimus"	"DB00877"
"agalsidase beta"	"DB00103"
"prochlorperazine"	"DB00433"
"dimethicone"	"DB11074"
"fluticasone"	"DB13867"
"dapsone"	"DB00250"
"galantamine"	"DB00674"
"benidipine"	"DB09231"
"eszopiclone"	"DB00402"
"propafenone"	"DB01182"
"ceritinib"	"DB09063"
"nilotinib"	"DB04868"
"thiamine"	"DB00152"
"dabrafenib"	"DB08912"
"methyldopa"	"DB00968"
"nivolumab"	"DB09035"
"entacapone"	"DB00494"
"canagliflozin"	"DB08907"
"dinoprostone"	"DB00917"
"promazine"	"DB00420"
"fluindione"	"DB13136"
"cinacalcet"	"DB01012"
"diazoxide"	"DB01119"
"ticlopidine"	"DB00208"
"beraprost"	"DB05229"
"fluphenazine"	"DB00623"
"mycophenolic acid"	"DB01024"
"permethrin"	"DB04930"
"sulfasalazine"	"DB00795"
"epinastine"	"DB00751"
"cefepime"	"DB01413"
"rasburicase"	"DB00049"
"etoposide"	"DB00773"
"ifosfamide"	"DB01181"
"nitroglycerin"	"DB00727"
"mupirocin"	"DB00410"
"ramosetron"	"DB09290"
"bacillus calmette-guerin substrain tice live antigen"	"DB10343"
"calcitriol"	"DB00136"
"verteporfin"	"DB00460"
"gadobutrol"	"DB06703"
"isosorbide"	"DB09401"
"hyaluronic acid"	"DB08818"
"droxidopa"	"DB06262"
"eldecalcitol"	"DB05295"
"aminophylline"	"DB01223"
"esmolol"	"DB00187"
"aluminum hydroxide"	"DB06723"
"adenine"	"DB00173"
"calcium citrate"	"DB11093"
"busulfan"	"DB01008"
"metamizole"	"DB04817"
"flurazepam"	"DB00690"
"fidaxomicin"	"DB08874"
"trimethoprim"	"DB00440"
"levoleucovorin"	"DB11596"
"gimeracil"	"DB09257"
"olmesartan"	"DB00275"
"cortisone acetate"	"DB01380"
"ferumoxytol"	"DB06215"
"guanfacine"	"DB01018"
"nitrazepam"	"DB01595"
"letrozole"	"DB01006"
"salmeterol"	"DB00938"
"hydroxocobalamin"	"DB00200"
"povidone-iodine"	"DB06812"
"wheat"	"DB10579"
"fenofibric acid"	"DB13873"
"disopyramide"	"DB00280"
"anakinra"	"DB00026"
"delorazepam"	"DB01511"
"atracurium besylate"	"DB00732"
"candesartan"	"DB13919"
"droperidol"	"DB00450"
"tolterodine"	"DB01036"
"chlorambucil"	"DB00291"
"isavuconazole"	"DB11633"
"butenafine"	"DB01091"
"zinc oxide"	"DB09321"
"panitumumab"	"DB01269"
"benserazide"	"DB12783"
"oxomemazine"	"DB13820"
"desmopressin"	"DB00035"
"palonosetron"	"DB00377"
"posaconazole"	"DB01263"
"pyridoxine"	"DB00165"
"mercaptopurine"	"DB01033"
"bisacodyl"	"DB09020"
"zinc"	"DB01593"
"gadodiamide"	"DB00225"
"ospemifene"	"DB04938"
"estrone"	"DB00655"
"adefovir dipivoxil"	"DB00718"
"bazedoxifene"	"DB06401"
"fenoterol"	"DB01288"
"clobetasol propionate"	"DB01013"
"desonide"	"DB01260"
"mebeverine"	"DB12554"
"alteplase"	"DB00009"
"bromhexine"	"DB09019"
"bacillus subtilis"	"DB11347"
"imiglucerase"	"DB00053"
"hydralazine"	"DB01275"
"celiprolol"	"DB04846"
"phenprocoumon"	"DB00946"
"primidone"	"DB00794"
"cyproheptadine"	"DB00434"
"cefazolin"	"DB01327"
"megestrol acetate"	"DB00351"
"bupivacaine"	"DB00297"
"etoricoxib"	"DB01628"
"phentermine"	"DB00191"
"goserelin"	"DB00014"
"fulvestrant"	"DB00947"
"ponatinib"	"DB08901"
"ulipristal"	"DB08867"
"cabazitaxel"	"DB06772"
"vandetanib"	"DB05294"
"tamoxifen"	"DB00675"
"triazolam"	"DB00897"
"lormetazepam"	"DB13872"
"eplerenone"	"DB00700"
"clobetasol"	"DB11750"
"bismuth subcitrate potassium"	"DB09275"
"rotigotine"	"DB05271"
"ketoconazole"	"DB01026"
"prazosin"	"DB00457"
"potassium iodide"	"DB06715"
"neomycin"	"DB00994"
"methadone"	"DB00333"
"cisapride"	"DB00604"
"isoniazid"	"DB00951"
"regadenoson"	"DB06213"
"daclizumab"	"DB00111"
"carbomer"	"DB15649"
"carbazochrome"	"DB09012"
"tulobuterol"	"DB12248"
"mefenamic acid"	"DB00784"
"phloroglucinol"	"DB12944"
"water"	"DB09145"
"epinephrine"	"DB00668"
"heparin"	"DB01109"
"riociguat"	"DB08931"
"minodronic acid"	"DB06548"
"hydroxyurea"	"DB01005"
"velaglucerase alfa"	"DB06720"
"manidipine"	"DB09238"
"glycopyrronium"	"DB00986"
"interferon alfa-2b"	"DB00105"
"gefitinib"	"DB00317"
"nabumetone"	"DB00461"
"diacetyl benzoyl lathyrol"	"DB11260"
"ethambutol"	"DB00330"
"rifabutin"	"DB00615"
"moxonidine"	"DB09242"
"ethosuximide"	"DB00593"
"indacaterol"	"DB05039"
"pancrelipase amylase"	"DB11065"
"isoflurane"	"DB00753"
"ketamine"	"DB01221"
"rocuronium"	"DB00728"
"chloral hydrate"	"DB01563"
"roxithromycin"	"DB00778"
"glycerol phenylbutyrate"	"DB08909"
"caspofungin"	"DB00520"
"caffeine"	"DB00201"
"ferrous fumarate"	"DB14491"
"cloxazolam"	"DB01553"
"dicyclomine"	"DB00804"
"ganciclovir"	"DB01004"
"timolol"	"DB00373"
"cabozantinib"	"DB08875"
"flupentixol"	"DB00875"
"hesperidin"	"DB04703"
"gentamicin"	"DB00798"
"trimetazidine"	"DB09069"
"piracetam"	"DB09210"
"ferric carboxymaltose"	"DB08917"
"desloratadine"	"DB00967"
"bucillamine"	"DB12160"
"enfuvirtide"	"DB00109"
"pyrazinamide"	"DB00339"
"bleomycin"	"DB00290"
"dihydrocodeine"	"DB01551"
"daclatasvir"	"DB09102"
"flecainide"	"DB01195"
"dronedarone"	"DB04855"
"ensulizole"	"DB11115"
"chloroquine"	"DB00608"
"lercanidipine"	"DB00528"
"ocriplasmin"	"DB08888"
"asparaginase erwinia chrysanthemi"	"DB08886"
"exemestane"	"DB00990"
"emedastine"	"DB01084"
"ethyl loflazepate"	"DB01545"
"biperiden"	"DB00810"
"tandospirone"	"DB12833"
"flunitrazepam"	"DB01544"
"olsalazine"	"DB01250"
"chlordiazepoxide"	"DB00475"
"bromocriptine"	"DB01200"
"rofecoxib"	"DB00533"
"nicergoline"	"DB00699"
"proparacaine"	"DB00807"
"rufinamide"	"DB06201"
"brompheniramine"	"DB00835"
"idelalisib"	"DB09054"
"ramucirumab"	"DB05578"
"betahistine"	"DB06698"
"trandolapril"	"DB00519"
"calcium gluconate"	"DB11126"
"meperidine"	"DB00454"
"erdosteine"	"DB05057"
"etizolam"	"DB09166"
"talniflumate"	"DB09295"
"bepotastine"	"DB04890"
"mequitazine"	"DB01071"
"propacetamol"	"DB09288"
"dipyridamole"	"DB00975"
"dronabinol"	"DB00470"
"corticotropin"	"DB01285"
"methazolamide"	"DB00703"
"brotizolam"	"DB09017"
"ambroxol"	"DB06742"
"ofloxacin"	"DB01165"
"technetium tc-99m mebrofenin"	"DB09137"
"sincalide"	"DB09142"
"lanthanum carbonate"	"DB06792"
"alvimopan"	"DB06274"
"fusidic acid"	"DB02703"
"perphenazine"	"DB00850"
"acetate"	"DB14511"
"tafluprost"	"DB08819"
"brinzolamide"	"DB01194"
"hydrocortisone butyrate"	"DB14540"
"agomelatine"	"DB06594"
"coagulation factor viia recombinant human"	"DB00036"
"silver sulfadiazine"	"DB05245"
"nitrendipine"	"DB01054"
"vortioxetine"	"DB09068"
"rilmenidine"	"DB11738"
"salicylic acid"	"DB00936"
"cholestyramine"	"DB01432"
"ixabepilone"	"DB04845"
"articaine"	"DB09009"
"tolnaftate"	"DB00525"
"lanreotide"	"DB06791"
"tretinoin"	"DB00755"
"pyrimethamine"	"DB00205"
"iron sucrose"	"DB09146"
"hydrogen peroxide"	"DB11091"
"basiliximab"	"DB00074"
"mifepristone"	"DB00834"
"chlorpromazine"	"DB00477"
"terbutaline"	"DB00871"
"metopimazine"	"DB13591"
"karaya gum"	"DB10535"
"diflorasone"	"DB00223"
"vedolizumab"	"DB09033"
"propiomazine"	"DB00777"
"atracurium"	"DB13295"
"imidapril"	"DB11783"
"carmustine"	"DB00262"
"decitabine"	"DB01262"
"ferrous sulfate anhydrous"	"DB13257"
"nateglinide"	"DB00731"
"lomustine"	"DB01206"
"naloxone"	"DB01183"
"perampanel"	"DB08883"
"cobicistat"	"DB09065"
"tazarotene"	"DB00799"
"bezafibrate"	"DB01393"
"saccharomyces cerevisiae"	"DB10447"
"acebutolol"	"DB01193"
"selumetinib"	"DB11689"
"hydrocortisone acetate"	"DB14539"
"risedronic acid"	"DB00884"
"deflazacort"	"DB11921"
"testosterone undecanoate"	"DB13946"
"sulfadiazine"	"DB00359"
"hydroquinone"	"DB09526"
"butylscopolamine"	"DB09300"
"vindesine"	"DB00309"
"interferon gamma-1b"	"DB00033"
"ziprasidone"	"DB00246"
"pembrolizumab"	"DB09037"
"propatyl nitrate"	"DB13255"
"benzonatate"	"DB00868"
"lymecycline"	"DB00256"
"cocaine"	"DB00907"
"vinpocetine"	"DB12131"
"orphenadrine"	"DB01173"
"mitomycin"	"DB00305"
"adapalene"	"DB00210"
"clotrimazole"	"DB00257"
"cysteamine"	"DB00847"
"iodixanol"	"DB01249"
"doxylamine"	"DB00366"
"pasireotide"	"DB06663"
"benzoyl peroxide"	"DB09096"
"eflornithine"	"DB06243"
"digitoxin"	"DB01396"
"cocoa butter"	"DB11086"
"thiopental"	"DB00599"
"succinylcholine"	"DB00202"
"pancuronium"	"DB01337"
"carbon monoxide"	"DB11588"
"uprosertib"	"DB11969"
"garlic"	"DB10532"
"cyamemazine"	"DB09000"
"miconazole"	"DB01110"
"pentazocine"	"DB00652"
"alglucosidase alfa"	"DB01272"
"sodium sulfide"	"DB11159"
"laronidase"	"DB00090"
"procyclidine"	"DB00387"
"nitisinone"	"DB00348"
"famciclovir"	"DB00426"
"labetalol"	"DB00598"
"tropicamide"	"DB00809"
"phenazopyridine"	"DB01438"
"magnesium gluconate"	"DB13749"
"flunisolide"	"DB00180"
"mometasone"	"DB00764"
"insulin beef"	"DB09456"
"magnesium hydroxide"	"DB09104"
"bromperidol"	"DB12401"
"dobutamine"	"DB00841"
"fluorometholone"	"DB00324"
"prazepam"	"DB01588"
"magnesium lactate"	"DB14515"
"mineral oil"	"DB11057"
"fosinopril"	"DB00492"
"aceprometazine"	"DB01615"
"periciazine"	"DB01608"
"benfluorex"	"DB09022"
"diacerein"	"DB11994"
"clevidipine"	"DB04920"
"bamifylline"	"DB13203"
"sargramostim"	"DB00020"
"potassium gluconate"	"DB13620"
"gemtuzumab ozogamicin"	"DB00056"
"almotriptan"	"DB00918"
"acetazolamide"	"DB00819"
"pirbuterol"	"DB01291"
"pirenzepine"	"DB00670"
"flavoxate"	"DB01148"
"quazepam"	"DB01589"
"nicorandil"	"DB09220"
"cilnidipine"	"DB09232"
"gabexate"	"DB12831"
"ebastine"	"DB11742"
"dexchlorpheniramine"	"DB13679"
"valdecoxib"	"DB00580"
"blonanserin"	"DB09223"
"barnidipine"	"DB09227"
"norepinephrine"	"DB00368"
"sufentanil"	"DB00708"
"nefopam"	"DB12293"
"phenindione"	"DB00498"
"pegaspargase"	"DB00059"
"nelarabine"	"DB01280"
"tuberculin purified protein derivative"	"DB11601"
"dornase alfa"	"DB00003"
"tibolone"	"DB09070"
"magnesium chloride"	"DB09407"
"travoprost"	"DB00287"
"ropivacaine"	"DB00296"
"sulpiride"	"DB00391"
"bacillus calmette-guerin substrain connaught live antigen"	"DB10804"
"mepivacaine"	"DB00961"
"human cytomegalovirus immune globulin"	"DB13886"
"influenza a virus a/california/7/2009 x-181 (h1n1) antigen (formaldehyde inactivated)"	"DB14455"
"quinagolide"	"DB09097"
"fosaprepitant"	"DB06717"
"saquinavir"	"DB01232"
"thiocolchicoside"	"DB11582"
"butalbital"	"DB00241"
"naltrexone"	"DB00704"
"tetrabenazine"	"DB04844"
"hydroquinidine"	"DB15300"
"chlorothiazide"	"DB00880"
"botulinum toxin type a"	"DB00083"
"trospium"	"DB00209"
"cisatracurium"	"DB00565"
"fosphenytoin"	"DB01320"
"voglibose"	"DB04878"
"azelaic acid"	"DB00548"
"temsirolimus"	"DB06287"
"plerixafor"	"DB06809"
"cefotiam"	"DB00229"
"remifentanil"	"DB00899"
"ingenol mebutate"	"DB05013"
"venetoclax"	"DB11581"
"levobunolol"	"DB01210"
"dexchlorpheniramine maleate"	"DB09555"
"tigecycline"	"DB00560"
"bromopride"	"DB09018"
"rifaximin"	"DB01220"
"cefaclor"	"DB00833"
"quinine"	"DB00468"
"nicardipine"	"DB00622"
"choriogonadotropin alfa"	"DB00097"
"nafarelin"	"DB00666"
"streptomycin"	"DB01082"
"fibrinogen human"	"DB09222"
"nafcillin"	"DB00607"
"midodrine"	"DB00211"
"arabica coffee bean"	"DB10666"
"sodium fluoride"	"DB09325"
"ferrous gluconate"	"DB14488"
"avanafil"	"DB06237"
"moexipril"	"DB00691"
"protein c"	"DB11312"
"mitoxantrone"	"DB01204"
"lorcaserin"	"DB04871"
"efalizumab"	"DB00095"
"inotuzumab ozogamicin"	"DB05889"
"teniposide"	"DB00444"
"mexiletine"	"DB00379"
"dactinomycin"	"DB00970"
"cefotaxime"	"DB00493"
"saxagliptin"	"DB06335"
"tiaprofenic acid"	"DB01600"
"colistin"	"DB00803"
"amikacin"	"DB00479"
"umeclidinium"	"DB09076"
"trebananib"	"DB12056"
"isopropyl myristate"	"DB13966"
"zuclopenthixol"	"DB01624"
"dexmedetomidine"	"DB00633"
"dolutegravir"	"DB08930"
"ixazomib"	"DB09570"
"glucagon"	"DB00040"
"dopamine"	"DB00988"
"phenylephrine"	"DB00388"
"olive oil"	"DB09567"
"vasopressin"	"DB00067"
"methylene blue"	"DB09241"
"belatacept"	"DB06681"
"salsalate"	"DB01399"
"dexpanthenol"	"DB09357"
"oxymorphone"	"DB01192"
"perflutren"	"DB00556"
"hydroxyprogesterone caproate"	"DB06789"
"selenium sulfide"	"DB00971"
"cefpodoxime"	"DB01416"
"cinnarizine"	"DB00568"
"potassium citrate"	"DB09125"
"collagenase clostridium histolyticum"	"DB00048"
"alcaftadine"	"DB06766"
"bismuth subsalicylate"	"DB01294"
"deferoxamine"	"DB00746"
"minoxidil"	"DB00350"
"propylene glycol"	"DB01839"
"tetracaine"	"DB09085"
"cyclopentolate"	"DB00979"
"miglustat"	"DB00419"
"acemetacin"	"DB13783"
"olodaterol"	"DB09080"
"trimebutine"	"DB09089"
"antihemophilic factor human"	"DB13192"
"loxapine"	"DB00408"
"ceftaroline fosamil"	"DB06590"
"bemiparin"	"DB09258"
"maraviroc"	"DB04835"
"oxymetholone"	"DB06412"
"tetracycline"	"DB00759"
"riluzole"	"DB00740"
"dorzolamide"	"DB00869"
"ezogabine"	"DB04953"
"diosmin"	"DB08995"
"camostat"	"DB13729"
"benzbromarone"	"DB12319"
"didanosine"	"DB00900"
"nelfinavir"	"DB00220"
"estradiol acetate"	"DB13952"
"tegaserod"	"DB01079"
"benzalkonium"	"DB11105"
"clobetasone"	"DB13158"
"dexrazoxane"	"DB00380"
"barbexaclone"	"DB09001"
"ketobemidone"	"DB06738"
"glycerin"	"DB09462"
"maprotiline"	"DB00934"
"nizatidine"	"DB00585"
"rilpivirine"	"DB08864"
"mosapride"	"DB11675"
"pranlukast"	"DB01411"
"pheniramine"	"DB01620"
"acarbose"	"DB00284"
"benzodiazepine"	"DB12537"
"cilastatin"	"DB01597"
"amisulpride"	"DB06288"
"elcatonin"	"DB13742"
"ciclesonide"	"DB01410"
"eperisone"	"DB08992"
"limaprost"	"DB09211"
"mannitol"	"DB00742"
"dabigatran etexilate"	"DB06695"
"vitamin a"	"DB00162"
"prilocaine"	"DB00750"
"volasertib"	"DB12062"
"romidepsin"	"DB06176"
"calcium acetate"	"DB00258"
"sarpogrelate"	"DB12163"
"amino acids"	"DB09393"
"fenoprofen"	"DB00573"
"laquinimod"	"DB06685"
"allantoin"	"DB11100"
"acitretin"	"DB00459"
"urea"	"DB03904"
"testosterone enanthate"	"DB13944"
"clofazimine"	"DB00845"
"bedaquiline"	"DB08903"
"loteprednol etabonate"	"DB14596"
"carteolol"	"DB00521"
"ephedrine"	"DB01364"
"nedocromil"	"DB00716"
"trichlormethiazide"	"DB01021"
"oxacillin"	"DB00713"
"tiagabine"	"DB00906"
"fludrocortisone"	"DB00687"
"capreomycin"	"DB00314"
"cycloserine"	"DB00260"
"betaxolol"	"DB00195"
"homosalate"	"DB11064"
"palivizumab"	"DB00110"
"peginterferon lambda-1a"	"DB14767"
"dextroamphetamine"	"DB01576"
"levomilnacipran"	"DB08918"
"toremifene"	"DB00539"
"miltefosine"	"DB09031"
"bivalirudin"	"DB00006"
"mebendazole"	"DB00643"
"oseltamivir"	"DB00198"
"miglitol"	"DB00491"
"fosfomycin"	"DB00828"
"calcium phosphate"	"DB11348"
"asenapine"	"DB06216"
"estramustine"	"DB01196"
"nomegestrol acetate"	"DB13981"
"tranexamic acid"	"DB00302"
"spiramycin"	"DB06145"
"tenecteplase"	"DB00031"
"glasdegib"	"DB11978"
"probucol"	"DB01599"
"clopenthixol"	"DB13841"
"polidocanol"	"DB06811"
"bromfenac"	"DB00963"
"difluprednate"	"DB06781"
"lithium citrate"	"DB14507"
"nisoldipine"	"DB00401"
"sapropterin"	"DB00360"
"norfloxacin"	"DB01059"
"dexmethylphenidate"	"DB06701"
"orlistat"	"DB01083"
"pyridostigmine"	"DB00545"
"testosterone cypionate"	"DB13943"
"cimetidine"	"DB00501"
"pindolol"	"DB00960"
"demeclocycline"	"DB00618"
"milrinone"	"DB00235"
"hydrocortisone valerate"	"DB14544"
"dihydroxyacetone"	"DB01775"
"nepafenac"	"DB06802"
"anti-inhibitor coagulant complex"	"DB13151"
"methenamine"	"DB06799"
"methyl salicylate"	"DB09543"
"pilocarpine"	"DB01085"
"polyvinyl alcohol"	"DB11060"
"distigmine"	"DB13694"
"naftopidil"	"DB12092"
"iloperidone"	"DB04946"
"tipranavir"	"DB00932"
"cinnamon"	"DB10520"
"fursultiamine"	"DB08966"
"pyridoxal"	"DB00147"
"taurine"	"DB01956"
"cefoperazone"	"DB01329"
"ecabet"	"DB05265"
"cefmetazole"	"DB00274"
"argatroban"	"DB00278"
"zofenopril"	"DB13166"
"levocarnitine"	"DB00583"
"etomidate"	"DB00292"
"menatetrenone"	"DB12148"
"fosamprenavir"	"DB01319"
"pantethine"	"DB11190"
"milnacipran"	"DB04896"
"zaleplon"	"DB00962"
"dienogest"	"DB09123"
"dimethyl sulfoxide"	"DB01093"
"cetylpyridinium"	"DB11073"
"sodium ferric gluconate complex"	"DB09517"
"acamprosate"	"DB00659"
"ioversol"	"DB09134"
"arsenic trioxide"	"DB01169"
"alanine"	"DB00160"
"danaparoid"	"DB06754"
"cefozopran"	"DB13667"
"magaldrate"	"DB08938"
"hypromellose"	"DB11075"
"adenosine"	"DB00640"
"doxercalciferol"	"DB06410"
"morniflumate"	"DB09285"
"cyanocobalamin co-57"	"DB09385"
"dicloxacillin"	"DB00485"
"balsalazide"	"DB01014"
"troxerutin"	"DB13124"
"methylcellulose"	"DB11228"
"autologous cultured chondrocytes"	"DB10997"
"interferon alfacon-1"	"DB00069"
"terfenadine"	"DB00342"
"mifamurtide"	"DB13615"
"inosine pranobex"	"DB13156"
"dexketoprofen"	"DB09214"
"rupatadine"	"DB11614"
"clothiapine"	"DB13256"
"mefloquine"	"DB00358"
"triclosan"	"DB08604"
"becaplermin"	"DB00102"
"sugammadex"	"DB06206"
"oxytocin"	"DB00107"
"cupric chloride"	"DB09131"
"sodium glycerophosphate"	"DB09561"
"corticorelin ovine triflutate"	"DB09067"
"levamlodipine"	"DB09237"
"entinostat"	"DB11841"
"dibenzepin"	"DB13225"
"melperone"	"DB09224"
"certoparin"	"DB09261"
"pentamidine"	"DB00738"
"desflurane"	"DB01189"
"cefixime"	"DB00671"
"hemin"	"DB03404"
"chlorprothixene"	"DB01239"
"deferiprone"	"DB08826"
"dasabuvir"	"DB09183"
"timepidium"	"DB13850"
"potassium bitartrate"	"DB11107"
"peppermint oil"	"DB11198"
"lacidipine"	"DB09236"
"tilidine"	"DB13787"
"auranofin"	"DB00995"
"cevimeline"	"DB00185"
"tipepidine"	"DB13474"
"nintedanib"	"DB09079"
"pegvisomant"	"DB00082"
"petrolatum"	"DB11058"
"pseudoephedrine"	"DB00852"
"isopropyl alcohol"	"DB02325"
"misoprostol"	"DB00929"
"methysergide"	"DB00247"
"nitric oxide"	"DB00435"
"darifenacin"	"DB00496"
"zinc gluconate"	"DB11248"
"colistimethate"	"DB01111"
"empagliflozin"	"DB09038"
"stavudine"	"DB00649"
"efinaconazole"	"DB09040"
"lestaurtinib"	"DB06469"
"pimecrolimus"	"DB00337"
"mitotane"	"DB00648"
"fenspiride"	"DB08979"
"loperamide oxide"	"DB14661"
"eptifibatide"	"DB00063"
"opipramol"	"DB12930"
"cilazapril"	"DB01340"
"papaverine"	"DB01113"
"levodropropizine"	"DB12472"
"itopride"	"DB04924"
"desoximetasone"	"DB00547"
"evening primrose oil"	"DB11358"
"isopropamide"	"DB01625"
"lafutidine"	"DB12770"
"eribulin"	"DB08871"
"etretinate"	"DB00926"
"cefcapene"	"DB13461"
"aceclofenac"	"DB06736"
"aminophenazone"	"DB01424"
"estazolam"	"DB01215"
"nabilone"	"DB00486"
"sulindac"	"DB00605"
"ajmaline"	"DB01426"
"polycarbophil"	"DB09311"
"imipramine"	"DB00458"
"metildigoxin"	"DB13401"
"licorice"	"DB10675"
"pilsicainide"	"DB12712"
"polyethylene glycol 400"	"DB11077"
"pentaerythritol tetranitrate"	"DB06154"
"dihydralazine"	"DB12945"
"trimipramine"	"DB00726"
"rimexolone"	"DB00896"
"nifuroxazide"	"DB13855"
"tranilast"	"DB07615"
"milk thistle"	"DB14375"
"nordazepam"	"DB14028"
"levocabastine"	"DB01106"
"valine"	"DB00161"
"zafirlukast"	"DB00549"
"meprobamate"	"DB00371"
"aprindine"	"DB01429"
"lornoxicam"	"DB06725"
"coagulation factor vii human"	"DB13150"
"anagrelide"	"DB00261"
"cefadroxil"	"DB01140"
"procaterol"	"DB01366"
"benzydamine"	"DB09084"
"clobutinol"	"DB09004"
"zinc sulfate"	"DB09322"
"sodium acetate"	"DB09395"
"eftrenonacog alfa"	"DB11608"
"paraldehyde"	"DB09117"
"neostigmine"	"DB01400"
"clotiazepam"	"DB01559"
"prucalopride"	"DB06480"
"methylnaltrexone"	"DB06800"
"coconut oil"	"DB14322"
"ciclopirox"	"DB01188"
"tiapride"	"DB13025"
"pipamperone"	"DB09286"
"econazole"	"DB01127"
"brivudine"	"DB03312"
"disulfiram"	"DB00822"
"plantago ovata seed"	"DB14585"
"thiothixene"	"DB01623"
"grape"	"DB10533"
"pirfenidone"	"DB04951"
"flunarizine"	"DB04841"
"benzocaine"	"DB01086"
"ferrous bisglycinate"	"DB11210"
"ferrous chloride"	"DB13569"
"nabiximols"	"DB14011"
"gatifloxacin"	"DB01044"
"ketotifen"	"DB00920"
"pixantrone"	"DB06193"
"yttrium y-90"	"DB13076"
"technetium tc-99m sulfur colloid"	"DB09397"
"homatropine methylbromide"	"DB00725"
"coagulation factor ix human"	"DB13152"
"arginine"	"DB00125"
"evofosfamide"	"DB06091"
"lactose"	"DB04465"
"eucalyptol"	"DB03852"
"veliparib"	"DB07232"
"zileuton"	"DB00744"
"mizoribine"	"DB12617"
"midostaurin"	"DB06595"
"rhubarb"	"DB10651"
"diflunisal"	"DB00861"
"calcium lactate"	"DB13231"
"colestipol"	"DB00375"
"selenium"	"DB11135"
"aloe vera leaf"	"DB13906"
"turmeric"	"DB14276"
"resveratrol"	"DB02709"
"flomoxef"	"DB11935"
"cefpirome"	"DB13682"
"chlormadinone"	"DB13528"
"aldesleukin"	"DB00041"
"podofilox"	"DB01179"
"doxifluridine"	"DB12947"
"xipamide"	"DB13803"
"piretanide"	"DB02925"
"estradiol valerate"	"DB13956"
"dydrogesterone"	"DB00378"
"azelnidipine"	"DB09230"
"meprednisone"	"DB09383"
"zinc chloride"	"DB14533"
"racecadotril"	"DB11696"
"pirarubicin"	"DB11616"
"thiotepa"	"DB04572"
"nilvadipine"	"DB06712"
"arformoterol"	"DB01274"
"hypochlorite"	"DB11123"
"biapenem"	"DB13028"
"carbinoxamine"	"DB00748"
"dalfopristin"	"DB01764"
"pholcodine"	"DB09209"
"treosulfan"	"DB11678"
"anidulafungin"	"DB00362"
"gabapentin enacarbil"	"DB08872"
"diphenoxylate"	"DB01081"
"grazoprevir"	"DB11575"
"elbasvir"	"DB11574"
"somatostatin"	"DB09099"
"garenoxacin"	"DB06160"
"mipomersen"	"DB05528"
"telithromycin"	"DB00976"
"ammonium lactate"	"DB06768"
"eprazinone"	"DB08990"
"alclometasone"	"DB00240"
"citicoline"	"DB12153"
"butorphanol"	"DB00611"
"alglucerase"	"DB00088"
"platinum"	"DB12257"
"tirofiban"	"DB00775"
"besifloxacin"	"DB06771"
"bethanechol"	"DB01019"
"benzyl benzoate"	"DB00676"
"salicylamide"	"DB08797"
"kallidinogenase"	"DB13197"
"domiphen"	"DB11594"
"levobupivacaine"	"DB01002"
"clenbuterol"	"DB01407"
"prasterone"	"DB01708"
"paromomycin"	"DB01421"
"pralatrexate"	"DB06813"
"flupirtine"	"DB06623"
"arotinolol"	"DB09204"
"alprostadil"	"DB00770"
"apple"	"DB10501"
"nalfurafine"	"DB13471"
"cyclofenil"	"DB13472"
"buserelin"	"DB06719"
"cladribine"	"DB00242"
"clodronic acid"	"DB00720"
"cefamandole"	"DB01326"
"thymol"	"DB02513"
"horse chestnut"	"DB13195"
"alverine"	"DB01616"
"acetic acid"	"DB03166"
"nedaplatin"	"DB13145"
"levosimendan"	"DB00922"
"magnesium aspartate"	"DB13359"
"nalidixic acid"	"DB00779"
"yeast"	"DB11017"
"technetium tc-99m tilmanocept"	"DB09266"
"telbivudine"	"DB01265"
"adefovir"	"DB13868"
"tropisetron"	"DB11699"
"strontium chloride"	"DB13987"
"amsacrine"	"DB00276"
"strontium ranelate"	"DB09267"
"sodium citrate"	"DB09154"
"diethylpropion"	"DB00937"
"tianeptine"	"DB09289"
"lomefloxacin"	"DB00978"
"triflusal"	"DB08814"
"terconazole"	"DB00251"
"luteinizing hormone"	"DB14741"
"montmorillonite"	"DB13654"
"oxetorone"	"DB13463"
"alizapride"	"DB01425"
"chlorzoxazone"	"DB00356"
"thiamylal"	"DB01154"
"cod liver oil"	"DB11321"
"luliconazole"	"DB08933"
"nimodipine"	"DB00393"
"racepinephrine"	"DB11124"
"crotamiton"	"DB00265"
"polaprezinc"	"DB09221"
"dexibuprofen"	"DB09213"
"estramustine phosphate"	"DB14674"
"isometheptene"	"DB06706"
"methionine"	"DB00134"
"phenolphthalein"	"DB04824"
"selegiline"	"DB01037"
"technetium tc-99m"	"DB14227"
"molybdenum"	"DB11137"
"indinavir"	"DB00224"
"mitiglinide"	"DB01252"
"piperonyl butoxide"	"DB09350"
"neratinib"	"DB11828"
"buformin"	"DB04830"
"troxipide"	"DB13419"
"activated charcoal"	"DB09278"
"maxacalcitol"	"DB06272"
"isradipine"	"DB00270"
"dacomitinib"	"DB11963"
"nadifloxacin"	"DB12447"
"dimemorfan"	"DB13810"
"irsogladine"	"DB13056"
"felbinac"	"DB07477"
"pazufloxacin"	"DB11774"
"bepridil"	"DB01244"
"bilastine"	"DB11591"
"curcumin"	"DB11672"
"defibrotide"	"DB04932"
"ulinastatin"	"DB12038"
"maltose"	"DB03323"
"nandrolone decanoate"	"DB08804"
"istradefylline"	"DB11757"
"praziquantel"	"DB01058"
"benzophenone"	"DB01878"
"tolrestat"	"DB02383"
"sulbactam"	"DB09324"
"castor oil"	"DB11113"
"metyrapone"	"DB01011"
"lycopene"	"DB11231"
"saccharin"	"DB12418"
"resminostat"	"DB12392"
"protriptyline"	"DB00344"
"thioridazine"	"DB00679"
"opium"	"DB11130"
"papain"	"DB11193"
"bromelains"	"DB13281"
"calcifediol"	"DB00146"
"nitrous oxide"	"DB06690"
"nandrolone"	"DB13169"
"sulfur hexafluoride"	"DB11104"
"abciximab"	"DB00054"
"pimobendan"	"DB11450"
"gestodene"	"DB06730"
"ferric chloride"	"DB15536"
"cupric sulfate"	"DB06778"
"artesunate"	"DB09274"
"ornithine"	"DB00129"
"ranimustine"	"DB13832"
"pentoxyverine"	"DB11186"
"doxofylline"	"DB09273"
"bixalomer"	"DB15200"
"dalbavancin"	"DB06219"
"dihydroergotamine"	"DB00320"
"dantrolene"	"DB01219"
"gadolinium"	"DB12091"
"icosapent"	"DB00159"
"benproperine"	"DB13309"
"vecuronium"	"DB01339"
"pranoprofen"	"DB13514"
"fluorescein"	"DB00693"
"thyrotropin alfa"	"DB00024"
"moclobemide"	"DB01171"
"lactic acid"	"DB04398"
"chloride ion"	"DB14547"
"cefazedone"	"DB13778"
"iobenguane"	"DB06704"
"gliquidone"	"DB01251"
"antithrombin iii human"	"DB11598"
"thiethylperazine"	"DB00372"
"hexamidine"	"DB03808"
"nalbuphine"	"DB00844"
"frangula purshiana bark"	"DB15478"
"phenoxybenzamine"	"DB00925"
"desipramine"	"DB01151"
"ethiodized oil"	"DB00965"
"pegaptanib"	"DB04895"
"lipegfilgrastim"	"DB13200"
"vaccinia virus strain new york city board of health live antigen"	"DB14711"
"netupitant"	"DB09048"
"molsidomine"	"DB09282"
"halometasone"	"DB13728"
"tinidazole"	"DB00911"
"prednisone acetate"	"DB14646"
"chloroxylenol"	"DB11121"
"aluminum acetate"	"DB14518"
"calcium ascorbate"	"DB14483"
"calfactant"	"DB06415"
"trypsin"	"DB11237"
"oxitropium"	"DB12086"
"tobacco leaf"	"DB10710"
"nitazoxanide"	"DB00507"
"royal jelly"	"DB14250"
"cyproterone acetate"	"DB04839"
"tea leaf"	"DB10580"
"iodide"	"DB12754"
"mecasermin"	"DB01277"
"indium in-111 chloride"	"DB09490"
"zaltoprofen"	"DB06737"
"methaqualone"	"DB04833"
"methylbenactyzium"	"DB13181"
"phenacetin"	"DB03783"
"amobarbital"	"DB01351"
"pergolide"	"DB01186"
"potassium bicarbonate"	"DB11098"
"flutamide"	"DB00499"
"trifluoperazine"	"DB00831"
"iomeprol"	"DB11705"
"acetylcarnitine"	"DB08842"
"menotropins"	"DB00032"
"rifapentine"	"DB01201"
"lanolin"	"DB11112"
"cloxacillin"	"DB01147"
"cefprozil"	"DB01150"
"trabectedin"	"DB05109"
"witch hazel"	"DB11111"
"menaquinone 6"	"DB14936"
"chlorphentermine"	"DB01556"
"docosanol"	"DB00632"
"levamisole"	"DB00848"
"estriol"	"DB04573"
"frovatriptan"	"DB00998"
"quinidine"	"DB00908"
"zotepine"	"DB09225"
"diphenidol"	"DB01231"
"pantothenic acid"	"DB01783"
"mezlocillin"	"DB00948"
"fluocinolone"	"DB12553"
"potassium perchlorate"	"DB09418"
"potassium nitrate"	"DB11090"
"amezinium metilsulfate"	"DB13330"
"linsidomine"	"DB13400"
"pimozide"	"DB01100"
"nifurtoinol"	"DB13730"
"gelatin"	"DB11242"
"ademetionine"	"DB00118"
"alfentanil"	"DB00802"
"pentobarbital"	"DB00312"
"naratriptan"	"DB00952"
"phenol"	"DB03255"
"tasimelteon"	"DB09071"
"loprazolam"	"DB13643"
"framycetin"	"DB00452"
"corifollitropin alfa"	"DB09066"
"netilmicin"	"DB00955"
"carglumic acid"	"DB06775"
"vorapaxar"	"DB09030"
"tolcapone"	"DB00323"
"amprenavir"	"DB00701"
"probenecid"	"DB01032"
"sultamicillin"	"DB12127"
"acrivastine"	"DB09488"
"edaravone"	"DB12243"
"imidafenacin"	"DB09262"
"vintafolide"	"DB05168"
"necitumumab"	"DB09559"
"strontium chloride sr-89"	"DB09498"
"onartuzumab"	"DB11746"
"pramlintide"	"DB01278"
"oxazolam"	"DB15491"
"tribenoside"	"DB13227"
"eprosartan"	"DB00876"
"tegafur"	"DB09256"
"dilazep"	"DB13715"
"piribedil"	"DB12478"
"barium sulfate"	"DB11150"
"cidofovir"	"DB00369"
"cefditoren"	"DB01066"
"thrombin"	"DB11300"
"propolis wax"	"DB11355"
"serrapeptase"	"DB13131"
"thyroglobulin"	"DB01584"
"amorolfine"	"DB09056"
"soybean oil"	"DB09422"
"tioconazole"	"DB01007"
"gedatolisib"	"DB11896"
"flumazenil"	"DB01205"
"magnesium carbonate"	"DB09481"
"pegademase"	"DB00061"
"hyaluronidase"	"DB14740"
"bexarotene"	"DB00307"
"aclarubicin"	"DB11617"
"phenoxymethylpenicillin"	"DB00417"
"atrasentan"	"DB06199"
"streptozocin"	"DB00428"
"pinaverium"	"DB09090"
"prednicarbate"	"DB01130"
"yohimbine"	"DB01392"
"tofisopam"	"DB08811"
"lynestrenol"	"DB12474"
"polymyxin b"	"DB00781"
"ethynodiol diacetate"	"DB00823"
"mestranol"	"DB01357"
"norgestimate"	"DB00957"
"norgestrel"	"DB09389"
"clostridium tetani toxoid antigen (formaldehyde inactivated)"	"DB10583"
"epalrestat"	"DB15293"
"alisertib"	"DB05220"
"neisseria meningitidis group a capsular oligosaccharide diphtheria crm197 protein conjugate antigen"	"DB14427"
"creatinine"	"DB11846"
"theobromine"	"DB01412"
"gemifloxacin"	"DB01155"
"coumarin"	"DB04665"
"barium"	"DB12481"
"trimethobenzamide"	"DB00662"
"tolbutamide"	"DB01124"
"cannabinol"	"DB14737"
"technetium tc-99m tetrofosmin"	"DB09160"
"camphor"	"DB01744"
"avocado"	"DB10504"
"protamine sulfate"	"DB09141"
"oxatomide"	"DB12877"
"plicamycin"	"DB06810"
"palbociclib"	"DB09073"
"asunaprevir"	"DB11586"
"amoxapine"	"DB00543"
"glutathione"	"DB00143"
"samarium"	"DB12403"
"ergotamine"	"DB00696"
"omacetaxine mepesuccinate"	"DB04865"
"phendimetrazine"	"DB01579"
"isosulfan blue"	"DB09136"
"estradiol cypionate"	"DB13954"
"raltitrexed"	"DB00293"
"iron isomaltoside 1000"	"DB12208"
"bovine type i collagen"	"DB10771"
"sibutramine"	"DB01105"
"terizidone"	"DB12954"
"tenoxicam"	"DB00469"
"rifamycin"	"DB11753"
"iproniazid"	"DB04818"
"technetium tc-99m medronate"	"DB09138"
"black cohosh"	"DB13975"
"ibritumomab tiuxetan"	"DB00078"
"bromisoval"	"DB13370"
"aspartic acid"	"DB00128"
"cholesterol"	"DB04540"
"perazine"	"DB12710"
"gold"	"DB14154"
"buparlisib"	"DB11666"
"quercetin"	"DB04216"
"dimethyl sulfone"	"DB14090"
"serelaxin"	"DB05794"
"chlorpropamide"	"DB00672"
"lenvatinib"	"DB09078"
"succinic acid"	"DB00139"
"boric acid"	"DB11326"
"tolperisone"	"DB06264"
"telavancin"	"DB06402"
"panthenol"	"DB11204"
"linsitinib"	"DB06075"
"methscopolamine"	"DB11315"
"gadoteridol"	"DB00597"
"ketazolam"	"DB01587"
"angiotensin ii"	"DB11842"
"phencyclidine"	"DB03575"
"pentostatin"	"DB00552"
"indobufen"	"DB12545"
"lofepramine"	"DB13411"
"coal tar"	"DB11082"
"durvalumab"	"DB11714"
"sofalcone"	"DB05197"
"ibutilide"	"DB00308"
"oxandrolone"	"DB00621"
"aminobenzoic acid"	"DB02362"
"tea tree oil"	"DB11218"
"tabalumab"	"DB11657"
"panobinostat"	"DB06603"
"nesiritide"	"DB04899"
"alvocidib"	"DB03496"
"ginger"	"DB10344"
"flavin adenine dinucleotide"	"DB03147"
"prothipendyl"	"DB12958"
"lodoxamide"	"DB06794"
"cobamamide"	"DB11191"
"sorbitol"	"DB01638"
"linseed oil"	"DB11357"
"inulin"	"DB00638"
"halothane"	"DB01159"
"gadoversetamide"	"DB00538"
"phosphorus"	"DB14151"
"oxiracetam"	"DB13601"
"isoflavone"	"DB12007"
"alitretinoin"	"DB00523"
"perospirone"	"DB08922"
"cetrorelix"	"DB00050"
"lixisenatide"	"DB09265"
"human rabies virus immune globulin"	"DB11603"
"zalcitabine"	"DB00943"
"ethenzamide"	"DB13544"
"chloropyramine"	"DB08800"
"chromic chloride"	"DB09129"
"oxytetracycline"	"DB00595"
"fluocinolone acetonide"	"DB00591"
"indium"	"DB11659"
"glycolic acid"	"DB03085"
"tivozanib"	"DB11800"
"malathion"	"DB00772"
"aminocaproic acid"	"DB00513"
"ibudilast"	"DB05266"
"histrelin"	"DB06788"
"pictilisib"	"DB11663"
"proguanil"	"DB01131"
"deleobuvir"	"DB14850"
"faldaprevir"	"DB11808"
"prednisolone hemisuccinate"	"DB14633"
"ferric hydroxide"	"DB13423"
"echothiophate"	"DB01057"
"carbamide peroxide"	"DB11129"
"phenprobamate"	"DB13354"
"sodium hydroxide"	"DB11151"
"cortivazol"	"DB13003"
"eucalyptus oil"	"DB11114"
"alpha-tocopherol acetate"	"DB14003"
"potassium cation"	"DB01345"
"alosetron"	"DB00969"
"sultopride"	"DB13273"
"shea butter"	"DB14311"
"brexpiprazole"	"DB09128"
"mizolastine"	"DB12523"
"ephedra sinica stem"	"DB14747"
"romosozumab"	"DB11866"
"tricaprylin"	"DB12176"
"green tea leaf"	"DB14307"
"blueberry"	"DB10629"
"chloroprocaine"	"DB01161"
"perhexiline"	"DB01074"
"cow milk"	"DB10543"
"iguratimod"	"DB12233"
"clorazepic acid"	"DB00628"
"sodium carbonate"	"DB09460"
"peginterferon beta-1a"	"DB09122"
"clomethiazole"	"DB06470"
"rolapitant"	"DB09291"
"secukinumab"	"DB09029"
"ornidazole"	"DB13026"
"hydrotalcite"	"DB13322"
"glutamic acid"	"DB00142"
"cobalamin"	"DB14098"
"cloperastine"	"DB09002"
"siltuximab"	"DB09036"
"semustine"	"DB13647"
"solanezumab"	"DB11756"
"glycine"	"DB00145"
"centella asiatica"	"DB14256"
"vidarabine"	"DB00194"
"delapril"	"DB13312"
"hexylresorcinol"	"DB11254"
"metaraminol"	"DB00610"
"alanyl glutamine"	"DB11876"
"borage oil"	"DB11238"
"calcium glycerophosphate"	"DB11264"
"kaolin"	"DB01575"
"ceftibuten"	"DB01415"
"dimethicone 410"	"DB14005"
"temocapril"	"DB08836"
"arbekacin"	"DB06696"
"mogamulizumab"	"DB12498"
"remoxipride"	"DB00409"
"pyridoxal phosphate"	"DB00114"
"palifermin"	"DB00039"
"benactyzine"	"DB09023"
"silicon dioxide"	"DB11132"
"unoprostone"	"DB06826"
"motesanib"	"DB05575"
"chromium picolinate"	"DB11255"
"human varicella-zoster immune globulin"	"DB11621"
"sulthiame"	"DB08329"
"tocopherol"	"DB11251"
"lindane"	"DB00431"
"fig"	"DB10633"
"diatrizoate"	"DB00271"
"teceleukin"	"DB15389"
"flurandrenolide"	"DB00846"
"hydroxypropyl cellulose"	"DB00840"
"talinolol"	"DB11770"
"faropenem"	"DB12190"
"bifonazole"	"DB04794"
"tositumomab"	"DB00081"
"clavulanic acid"	"DB00766"
"nafamostat"	"DB12598"
"albiglutide"	"DB09043"
"dactolisib"	"DB11651"
"danoprevir"	"DB11779"
"hyaluronidase (human recombinant)"	"DB06205"
"oxeladin"	"DB04822"
"dihydroergocristine"	"DB13345"
"ricolinostat"	"DB12376"
"aminosalicylic acid"	"DB00233"
"ambroxol acefyllinate"	"DB13141"
"lincomycin"	"DB01627"
"sesame oil"	"DB11172"
"benzyl alcohol"	"DB06770"
"linoleic acid"	"DB14104"
"cefoxitin"	"DB01331"
"procaine"	"DB00721"
"iron dextran"	"DB00893"
"sivelestat"	"DB12863"
"acetylcholine"	"DB03128"
"acetylleucine"	"DB13226"
"bambuterol"	"DB01408"
"figitumumab"	"DB11685"
"magnesium glycinate"	"DB11189"
"lobucavir"	"DB12531"
"diethylstilbestrol"	"DB00255"
"pracinostat"	"DB05223"
"parecoxib"	"DB08439"
"tranylcypromine"	"DB00752"
"ferric oxyhydroxide"	"DB14695"
"titanium dioxide"	"DB09536"
"naftifine"	"DB00735"
"lactitol"	"DB12942"
"aprotinin"	"DB06692"
"brivaracetam"	"DB05541"
"griseofulvin"	"DB00400"
"candida albicans"	"DB10429"
"medazepam"	"DB13437"
"butamirate"	"DB13731"
"sertindole"	"DB06144"
"ifenprodil"	"DB08954"
"methylprednisolone aceponate"	"DB14643"
"sodium stibogluconate"	"DB05630"
"menadione"	"DB00170"
"halcinonide"	"DB06786"
"clonixin"	"DB09218"
"tofogliflozin"	"DB11824"
"alectinib"	"DB11363"
"ledipasvir"	"DB09027"
"tacalcitol"	"DB13689"
"ticarcillin"	"DB01607"
"diphencyprone"	"DB12173"
"amcinonide"	"DB00288"
"naldemedine"	"DB11691"
"trifluridine"	"DB00432"
"amdinocillin"	"DB01163"
"tecemotide"	"DB12568"
"cefonicid"	"DB01328"
"cerivastatin"	"DB00439"
"homatropine"	"DB11181"
"zinc acetate"	"DB14487"
"sodium iodide"	"DB11119"
"valrubicin"	"DB00385"
"ferrous succinate"	"DB14489"
"dezocine"	"DB01209"
"interferon alfa-n1"	"DB00011"
"house dust"	"DB10345"
"laropiprant"	"DB11629"
"nitrogen"	"DB09152"
"clioquinol"	"DB04815"
"idarucizumab"	"DB09264"
"triticum aestivum pollen"	"DB10498"
"ioforminol"	"DB12439"
"grapefruit"	"DB10534"
"rutin"	"DB01698"
"insulin pork"	"DB00071"
"oxitriptan"	"DB02959"
"olaparib"	"DB09074"
"omarigliptin"	"DB11992"
"dinaciclib"	"DB12021"
"fibrinolysin"	"DB05254"
"chromic cation"	"DB14525"
"benznidazole"	"DB11989"
"berberine"	"DB04115"
"talc"	"DB09511"
"meglumine antimoniate"	"DB13732"
"buclizine"	"DB00354"
"loracarbef"	"DB00447"
"chlorphenesin carbamate"	"DB14656"
"arnica montana"	"DB14297"
"etifoxine"	"DB08986"
"noscapine"	"DB06174"
"phenothiazine"	"DB11447"
"phosphoric acid"	"DB09394"
"encorafenib"	"DB11718"
"ethionamide"	"DB00609"
"stannous fluoride"	"DB11092"
"lonafarnib"	"DB06448"
"ipatasertib"	"DB11743"
"fructose"	"DB04173"
"iobitridol"	"DB12407"
"silver nitrate"	"DB11080"
"ribociclib"	"DB11730"
"lysozyme"	"DB13260"
"potassium guaiacolsulfonate"	"DB13735"
"benfotiamine"	"DB11748"
"vilanterol"	"DB09082"
"influenza a virus a/california/7/2009 x-179a (h1n1) antigen (formaldehyde inactivated)"	"DB10791"
"dequalinium"	"DB04209"
"clocortolone"	"DB00838"
"zomepirac"	"DB04828"
"gilteritinib"	"DB12141"
"camptothecin"	"DB04690"
"floxuridine"	"DB00322"
"refametinib"	"DB06309"
"antipyrine"	"DB01435"
"povidone"	"DB11061"
"pegloticase"	"DB09208"
"phenmetrazine"	"DB00830"
"oteracil"	"DB03209"
"teprotumumab"	"DB06343"
"delavirdine"	"DB00705"
"pomegranate"	"DB14317"
"silver"	"DB12965"
"drotaverine"	"DB06751"
"landiolol"	"DB12212"
"mivacurium"	"DB01226"
"carboprost tromethamine"	"DB00429"
"rilonacept"	"DB06372"
"urokinase"	"DB00013"
"kanamycin"	"DB01172"
"chicken"	"DB10519"
"clocapramine"	"DB09003"
"ocrelizumab"	"DB11988"
"methscopolamine bromide"	"DB00462"
"nilutamide"	"DB00665"
"furazolidone"	"DB00614"
"ceftizoxime"	"DB01332"
"secobarbital"	"DB00418"
"peppermint"	"DB10984"
"taraxacum officinale pollen"	"DB10755"
"coenzyme a"	"DB01992"
"iodine povacrylex"	"DB09537"
"eslicarbazepine"	"DB14575"
"dextran"	"DB09255"
"bapineuzumab"	"DB11715"
"lutropin alfa"	"DB00044"
"levomenthol"	"DB00825"
"stanozolol"	"DB06718"
"protirelin"	"DB09421"
"safflower"	"DB10905"
"safflower oil"	"DB09446"
"fluprednidene acetate"	"DB14634"
"hemoglobin"	"DB04945"
"sage"	"DB10982"
"pradigastat"	"DB12866"
"dichloralphenazone"	"DB01495"
"quinacrine"	"DB01103"
"magnesium acetate"	"DB13996"
"setiptiline"	"DB09304"
"xylitol"	"DB11195"
"dovitinib"	"DB05928"
"succimer"	"DB00566"
"mepolizumab"	"DB06612"
"eliglustat"	"DB09039"
"chamomile"	"DB14357"
"dulaglutide"	"DB09045"
"colestilan chloride"	"DB11634"
"bunazosin"	"DB12230"
"testosterone propionate"	"DB01420"
"promestriene"	"DB12487"
"tyramine"	"DB08841"
"benzoic acid"	"DB03793"
"soy isoflavones"	"DB14101"
"ombitasvir"	"DB09296"
"terlipressin"	"DB02638"
"crofelemer"	"DB04941"
"loteprednol"	"DB00873"
"pyrithione"	"DB06815"
"aspartame"	"DB00168"
"medronic acid"	"DB14078"
"teclozan"	"DB13205"
"cefminox"	"DB09062"
"abemaciclib"	"DB12001"
"pimasertib"	"DB14904"
"sertaconazole"	"DB01153"
"sulprostone"	"DB12708"
"lutetium lu-177"	"DB13982"
"cinepazide"	"DB12123"
"gusperimus"	"DB12692"
"pipobroman"	"DB00236"
"propantheline"	"DB00782"
"oxypertine"	"DB13403"
"oprelvekin"	"DB00038"
"fomepizole"	"DB01213"
"eucalyptus globulus leaf"	"DB14320"
"norethandrolone"	"DB12787"
"malic acid"	"DB12751"
"suvorexant"	"DB09034"
"exametazime"	"DB11179"
"albumin aggregated"	"DB14230"
"tyrosine"	"DB00135"
"ozagrel"	"DB12017"
"ambenonium"	"DB01122"
"methyltestosterone"	"DB06710"
"perifosine"	"DB06641"
"phentolamine"	"DB00692"
"tetrofosmin"	"DB11180"
"heptaminol"	"DB13574"
"nitroprusside"	"DB00325"
"sacubitril"	"DB09292"
"phenylalanine"	"DB00120"
"idebenone"	"DB09081"
"binimetinib"	"DB11967"
"atosiban"	"DB09059"
"mumps virus strain b level jeryl lynn live antigen"	"DB10316"
"denileukin diftitox"	"DB00004"
"tesamorelin"	"DB08869"
"clidinium"	"DB00771"
"fenoxazoline"	"DB13736"
"penicillamine"	"DB00859"
"capsicum"	"DB10897"
"inositol"	"DB13178"
"resorcinol"	"DB11085"
"uracil"	"DB03419"
"trapidil"	"DB09283"
"alpelisib"	"DB12015"
"creatine"	"DB00148"
"etilefrine"	"DB08985"
"helium"	"DB09155"
"carnosine"	"DB11695"
"carbaspirin calcium"	"DB13612"
"mesoridazine"	"DB00933"
"beractant"	"DB06761"
"liotrix"	"DB01583"
"thymopentin"	"DB11996"
"denenicokin"	"DB12908"
"tolfenamic acid"	"DB09216"
"lomerizine"	"DB14065"
"tryptophan"	"DB00150"
"potassium alum"	"DB09087"
"cyclopenthiazide"	"DB13532"
"bethanidine"	"DB00217"
"tetraferric tricitrate decahydrate"	"DB14520"
"dihydrotachysterol"	"DB01070"
"pipotiazine"	"DB01621"
"lentinan"	"DB13480"
"prednimustine"	"DB12832"
"ganetespib"	"DB12047"
"dichloroacetic acid"	"DB08809"
"porfimer sodium"	"DB00707"
"chymotrypsin"	"DB09375"
"methylprednisolone hemisuccinate"	"DB14644"
"potassium acetate"	"DB14498"
"fludiazepam"	"DB01567"
"selenious acid"	"DB11127"
"isepamicin"	"DB13540"
"rindopepimut"	"DB05374"
"tyloxapol"	"DB06439"
"cystine"	"DB00138"
"oxtriphylline"	"DB01303"
"influenza a virus a/california/7/2009(h1n1)-like antigen (formaldehyde inactivated)"	"DB10802"
"zeaxanthin"	"DB11176"
"glyphosate"	"DB04539"
"metreleptin"	"DB09046"
"methoxyamine"	"DB06328"
"pregnenolone"	"DB02789"
"allylestrenol"	"DB01431"
"belinostat"	"DB05015"
"methsuximide"	"DB05246"
"hops"	"DB10687"
"sirukumab"	"DB11803"
"hidrosmin"	"DB13490"
"orteronel"	"DB12066"
"anthoxanthum odoratum pollen"	"DB10404"
"fluoxymesterone"	"DB01185"
"triprolidine"	"DB00427"
"chlorobutanol"	"DB11386"
"dolasetron"	"DB00757"
"dibekacin"	"DB13270"
"tivantinib"	"DB12200"
"nomegestrol"	"DB11636"
"bococizumab"	"DB12456"
"pyrantel"	"DB11156"
"tromethamine"	"DB03754"
"gonadorelin"	"DB00644"
"blinatumomab"	"DB09052"
"sulfamerazine"	"DB01581"
"protoporphyrin"	"DB02285"
"canfosfamide"	"DB04972"
"thymalfasin"	"DB04900"
"natamycin"	"DB00826"
"retapamulin"	"DB01256"
"azlocillin"	"DB01061"
"meptazinol"	"DB13478"
"ioxilan"	"DB09135"
"technetium tc-99m sestamibi"	"DB09161"
"mepenzolate"	"DB04843"
"nikethamide"	"DB13655"
"sulfamethazine"	"DB01582"
"josamycin"	"DB01321"
"aluminum zirconium trichlorohydrex gly"	"DB11116"
"dipivefrin"	"DB00449"
"sulodexide"	"DB06271"
"flufenamic acid"	"DB02266"
"cefatrizine"	"DB13266"
"panax ginseng whole"	"DB14284"
"methantheline"	"DB00940"
"mephenesin"	"DB13583"
"elvitegravir"	"DB09101"
"acipimox"	"DB09055"
"imetelstat"	"DB14909"
"somatrem"	"DB09098"
"chloroform"	"DB11387"
"cetalkonium"	"DB11583"
"eugenol"	"DB09086"
"sodium tetradecyl sulfate"	"DB00464"
"amrubicin"	"DB06263"
"spectinomycin"	"DB00919"
"tiopronin"	"DB06823"
"isocarboxazid"	"DB01247"
"attapulgite"	"DB01574"
"balugrastim"	"DB12699"
"cicletanine"	"DB12766"
"potassium sulfate"	"DB14499"
"secnidazole"	"DB12834"
"pemoline"	"DB01230"
"afuresertib"	"DB11648"
"triclofos"	"DB06753"
"sulfamethoxypyridazine"	"DB13773"
"deanol"	"DB13352"
"doconexent"	"DB03756"
"suprofen"	"DB00870"
"peramivir"	"DB06614"
"cytisine"	"DB09028"
"cadmium"	"DB14085"
"carbon dioxide"	"DB09157"
"terpin hydrate"	"DB13163"
"rubidium"	"DB11346"
"icosapent ethyl"	"DB08887"
"phenylpropanolamine"	"DB00397"
"isoxsuprine"	"DB08941"
"ferric pyrophosphate"	"DB09147"
"peginesatide"	"DB08894"
"serotonin"	"DB08839"
"sulfamethizole"	"DB00576"
"fenretinide"	"DB05076"
"cephalosporin c"	"DB03313"
"acetyldigitoxin"	"DB00511"
"butoconazole"	"DB00639"
"nattokinase"	"DB15329"
"selinexor"	"DB11942"
"reteplase"	"DB00015"
"dexbrompheniramine"	"DB00405"
"stanolone"	"DB02901"
"hexaminolevulinate"	"DB06261"
"belladonna"	"DB13913"
"sulfanilamide"	"DB00259"
"benzoylecgonine"	"DB01515"
"ecgonine"	"DB01525"
"nimustine"	"DB13069"
"glucarpidase"	"DB08898"
"oritavancin"	"DB04911"
"indoramin"	"DB08950"
"plasma protein fraction (human)"	"DB13968"
"protionamide"	"DB12667"
"cyanamide"	"DB02679"
"canis lupus familiaris dander"	"DB11018"
"mucor racemosus"	"DB10808"
"dendryphiella vinosa"	"DB11025"
"aspergillus fumigatus"	"DB10425"
"cladosporium cladosporioides"	"DB10431"
"aspergillus niger var. niger"	"DB10426"
"aureobasidium pullulans var. pullutans"	"DB10427"
"rhizopus stolonifer"	"DB10814"
"fusarium oxysporum vasinfectum"	"DB10435"
"tafamidis"	"DB11644"
"tolmetin"	"DB00500"
"thymine"	"DB03462"
"clofenamide"	"DB13663"
"siponimod"	"DB12371"
"piperazine"	"DB00592"
"monteplase"	"DB12726"
"benzphetamine"	"DB00865"
"picloxydine"	"DB13607"
"dimercaprol"	"DB06782"
"promegestone"	"DB13602"
"dyphylline"	"DB00651"
"isoconazole"	"DB08943"
"procainamide"	"DB01035"
"tenofovir disoproxil"	"DB00300"
"tavaborole"	"DB09041"
"potassium carbonate"	"DB13977"
"bilberry"	"DB14235"
"pentetrazol"	"DB13415"
"boron"	"DB11203"
"chlorine"	"DB11109"
"dextranomer"	"DB13560"
"tetrahydropalmatine"	"DB12093"
"ulocuplumab"	"DB12018"
"ammonium chloride"	"DB06767"
"ferrous asparto glycinate"	"DB11169"
"oxybenzone"	"DB01428"
"dinoprost"	"DB12789"
"pectin"	"DB11158"
"tedizolid phosphate"	"DB09042"
"apitolisib"	"DB12180"
"ginseng"	"DB01404"
"lactobacillus reuteri"	"DB14224"
"sulbutiamine"	"DB13416"
"mephenoxalone"	"DB13754"
"hydroxyprogesterone"	"DB14570"
"amylmetacresol"	"DB13908"
"altretamine"	"DB00488"
"floctafenine"	"DB08976"
"influenza a virus a/christchurch/16/2010 nib-74xp (h1n1) antigen (formaldehyde inactivated)"	"DB10996"
"daratumumab"	"DB09331"
"conivaptan"	"DB00872"
"teneligliptin"	"DB11950"
"penciclovir"	"DB00299"
"phenylmercuric nitrate"	"DB13388"
"laninamivir"	"DB12791"
"konjac mannan"	"DB14963"
"enbucrilate"	"DB12358"
"honey"	"DB14242"
"cocarboxylase"	"DB01987"
"potassium permanganate"	"DB13831"
"calcium sulfide"	"DB11211"
"juniperus ashei pollen"	"DB10460"
"andrographolide"	"DB05767"
"cefodizime"	"DB13470"
"artichoke"	"DB10638"
"trenbolone"	"DB11551"
"abarelix"	"DB00106"
"lersivirine"	"DB11649"
"typhoid vaccine"	"DB14022"
"cixutumumab"	"DB12250"
"apricitabine"	"DB12855"
"mafenide"	"DB06795"
"methoxamine"	"DB00723"
"technetium tc-99m pyrophosphate"	"DB09165"
"mazindol"	"DB00579"
"lirilumab"	"DB11754"
"ferric sulfate"	"DB11171"
"potassium hydroxide"	"DB11153"
"raspberry"	"DB10636"
"cilengitide"	"DB11890"
"niflumic acid"	"DB04552"
"mexazolam"	"DB15489"
"nalmefene"	"DB06230"
"bornaprine"	"DB13619"
"sodium feredetate"	"DB13381"
"primaquine"	"DB01087"
"oxiconazole"	"DB00239"
"edoxaban"	"DB09075"
"tenamfetamine"	"DB01509"
"anas platyrhynchos feather"	"DB10421"
"agrostis gigantea pollen"	"DB10403"
"betula nigra pollen"	"DB10458"
"acer negundo pollen"	"DB10354"
"felis catus hair"	"DB10499"
"cochliobolus sativus"	"DB10433"
"clonostachys rosea f. rosea"	"DB11024"
"alternaria alternata"	"DB10424"
"trolamine"	"DB13747"
"glycyrrhiza glabra"	"DB14312"
"citrulline"	"DB00155"
"epimestrol"	"DB13386"
"capsicum oleoresin"	"DB11131"
"clofibrate"	"DB00636"
"sulconazole"	"DB06820"
"histamine"	"DB05381"
"octocrylene"	"DB09535"
"rimantadine"	"DB00478"
"formaldehyde"	"DB03843"
"marizomib"	"DB11762"
"mephentermine"	"DB01365"
"isatuximab"	"DB14811"
"losmapimod"	"DB12270"
"delamanid"	"DB11637"
"selexipag"	"DB11362"
"ozone"	"DB12510"
"benzethonium"	"DB11125"
"nonoxynol-9"	"DB06804"
"amifostine"	"DB01143"
"mephedrone"	"DB13108"
"ubenimex"	"DB03424"
"propylhexedrine"	"DB06714"
"choline alfoscerate"	"DB04660"
"ridaforolimus"	"DB06233"
"buflomedil"	"DB13510"
"acepromazine"	"DB01614"
"gallium citrate ga-67"	"DB06784"
"edetic acid"	"DB00974"
"androstenedione"	"DB01536"
"phenethylamine"	"DB04325"
"flumethasone"	"DB00663"
"streptokinase"	"DB00086"
"alefacept"	"DB00092"
"calcium carbimide"	"DB09116"
"enoxolone"	"DB13089"
"ethyl chloride"	"DB13259"
"dermatophagoides farinae"	"DB10400"
"cangrelor"	"DB06441"
"detomidine"	"DB11556"
"romifidine"	"DB11543"
"lactobacillus plantarum"	"DB11360"
"enalaprilat"	"DB09477"
"poliovirus type 1 antigen (formaldehyde inactivated)"	"DB10795"
"cannabidiol"	"DB09061"
"troglitazone"	"DB00197"
"light mineral oil"	"DB11579"
"trimethadione"	"DB00347"
"shark liver oil"	"DB11088"
"sulfathiazole"	"DB06147"
"metyrosine"	"DB00765"
"hydrochloric acid"	"DB13366"
"papaya"	"DB10658"
"custirsen"	"DB05487"
"guanidine"	"DB00536"
"genistein"	"DB01645"
"estradiol benzoate"	"DB13953"
"protamine"	"DB13700"
"otilonium"	"DB13500"
"mibefradil"	"DB01388"
"leucine"	"DB00149"
"golvatinib"	"DB11977"
"hexetidine"	"DB08958"
"human albumin microspheres"	"DB14148"
"acer saccharum pollen"	"DB10369"
"phoma exigua var. exigua"	"DB10440"
"methoxy polyethylene glycol-epoetin beta"	"DB09107"
"methoxyphenamine"	"DB13624"
"aldosterone"	"DB04630"
"vaniprevir"	"DB11929"
"eleuthero"	"DB14303"
"farletuzumab"	"DB05595"
"oblimersen"	"DB13811"
"artemisia absinthium pollen"	"DB10768"
"phosphatidyl serine"	"DB00144"
"rosemary"	"DB14272"
"pralidoxime"	"DB00733"
"fenpiverinium"	"DB13759"
"sacrosidase"	"DB06760"
"magnesium salicylate"	"DB01397"
"thrombomodulin alfa"	"DB05777"
"naloxegol"	"DB09049"
"fluspirilene"	"DB04842"
"tipiracil"	"DB09343"
"dinutuximab"	"DB09077"
"chlorcyclizine"	"DB08936"
"auy922"	"DB11881"
"ostrea edulis shell"	"DB14251"
"cabotegravir"	"DB11751"
"molindone"	"DB01618"
"icotinib"	"DB11737"
"triciribine phosphate"	"DB14636"
"gallium nitrate"	"DB05260"
"mecamylamine"	"DB00657"
"cefotetan"	"DB01330"
"levmetamfetamine"	"DB09571"
"levomethadone"	"DB13515"
"calcium sulfate"	"DB15533"
"isavuconazonium"	"DB06636"
"ceftolozane"	"DB09050"
"silibinin"	"DB09298"
"penbutolol"	"DB01359"
"iodipamide"	"DB04711"
"hexachlorophene"	"DB00756"
"tuaminoheptane"	"DB13238"
"parathyroid hormone"	"DB05829"
"pertussis vaccine"	"DB15274"
"asfotase alfa"	"DB09105"
"acer rubrum pollen"	"DB10475"
"artemisia vulgaris pollen"	"DB10372"
"ulmus americana pollen"	"DB10361"
"dermatophagoides pteronyssinus"	"DB10401"
"canis lupus familiaris skin"	"DB10409"
"plantago lanceolata pollen"	"DB10382"
"avena sativa flowering top"	"DB14253"
"emibetuzumab"	"DB11849"
"antimony potassium tartrate"	"DB15587"
"hydrocortisone aceponate"	"DB14538"
"pleconaril"	"DB05105"
"haloxazolam"	"DB01476"
"polysorbate 80"	"DB11063"
"pivampicillin"	"DB01604"
"betiatide"	"DB14082"
"prulifloxacin"	"DB11892"
"copper gluconate"	"DB11246"
"thiabendazole"	"DB00730"
"isoleucine"	"DB00167"
"anagliptin"	"DB12417"
"terodiline"	"DB13725"
"epidermophyton floccosum"	"DB10870"
"ligustrum vulgare pollen"	"DB10488"
"ustilago avenae"	"DB10704"
"equus caballus hair"	"DB10880"
"amaranthus palmeri pollen"	"DB10459"
"populus alba pollen"	"DB10383"
"trichophyton mentagrophytes"	"DB10446"
"juglans nigra pollen"	"DB10396"
"ustilago maydis"	"DB10443"
"cynodon dactylon pollen"	"DB10351"
"sporisorium cruentum"	"DB10873"
"elaeagnus angustifolia pollen"	"DB10751"
"acremonium strictum"	"DB10423"
"fraxinus americana pollen"	"DB10348"
"bos taurus hair"	"DB10856"
"cladosporium sphaerospermum"	"DB10432"
"carya illinoinensis pollen"	"DB10380"
"liquidambar styraciflua pollen"	"DB10495"
"canis lupus familiaris hair"	"DB10867"
"populus deltoides pollen"	"DB10463"
"equisetum arvense top"	"DB14349"
"lepirudin"	"DB00001"
"sapanisertib"	"DB11836"
"viminol"	"DB13353"
"gemeprost"	"DB08964"
"apronalide"	"DB13221"
"pork"	"DB10561"
"palifosfamide"	"DB05668"
"tremelimumab"	"DB11771"
"butylphthalide"	"DB12749"
"propyphenazone"	"DB13524"
"thimerosal"	"DB11590"
"danirixin"	"DB11922"
"urelumab"	"DB12077"
"sea salt"	"DB11266"
"von willebrand factor human"	"DB13133"
"tramazoline"	"DB13064"
"trenbolone acetate"	"DB14660"
"canrenoic acid"	"DB09015"
"gevokizumab"	"DB12119"
"thyrotropin"	"DB15263"
"vibegron"	"DB14895"
"lofexidine"	"DB04948"
"tipifarnib"	"DB04960"
"elesclomol"	"DB05719"
"levonordefrin"	"DB06707"
"benzthiazide"	"DB00562"
"safrazine"	"DB09253"
"brincidofovir"	"DB12151"
"prenoxdiazine"	"DB13397"
"methacholine"	"DB06709"
"asparagine"	"DB00174"
"manganese"	"DB06757"
"dibrompropamidine"	"DB13548"
"pretomanid"	"DB05154"
"physostigmine"	"DB00981"
"polyethylene glycol 3500"	"DB11236"
"angelica sinensis root"	"DB14336"
"neridronic acid"	"DB11620"
"magnesium aluminum silicate"	"DB11230"
"pilaralisib"	"DB11772"
"sodium bisulfite"	"DB14015"
"avibactam"	"DB09060"
"ceftezole"	"DB13821"
"gestrinone"	"DB11619"
"bismuth subgallate"	"DB13909"
"gefarnate"	"DB12079"
"omega-6 fatty acids"	"DB13168"
"methohexital"	"DB00474"
"oxprenolol"	"DB01580"
"guar gum"	"DB13446"
"brivanib"	"DB11958"
"prothrombin"	"DB11311"
"calcium alginate"	"DB13372"
"demcizumab"	"DB12734"
"methyl aminolevulinate"	"DB00992"
"oxolamine"	"DB13216"
"medium-chain triglycerides"	"DB13959"
"pascopyrum smithii pollen"	"DB10719"
"fumaric acid"	"DB01677"
"sotrastaurin"	"DB12369"
"bismuth subcarbonate"	"DB11281"
"fennel"	"DB15615"
"almond"	"DB10500"
"tasisulam"	"DB11941"
"undecylenic acid"	"DB11117"
"fenticonazole"	"DB13434"
"atractylodes lancea root"	"DB14693"
"allobarbital"	"DB13577"
"astemizole"	"DB00637"
"cefmenoxime"	"DB00267"
"neisseria meningitidis group a capsular polysaccharide diphtheria toxoid conjugate antigen"	"DB10798"
"dyclonine"	"DB00645"
"casein"	"DB10516"
"reviparin"	"DB09259"
"temocillin"	"DB12343"
"evolocumab"	"DB09303"
"fosbretabulin"	"DB12577"
"lebrikizumab"	"DB11914"
"benralizumab"	"DB12023"
"nimotuzumab"	"DB06192"
"alirocumab"	"DB09302"
"topiroxostat"	"DB01685"
"cultivated mushroom"	"DB10544"
"iniparib"	"DB13877"
"sarcosine"	"DB12519"
"dimethyltryptamine"	"DB01488"
"mephenytoin"	"DB00532"
"apricoxib"	"DB12378"
"sonidegib"	"DB09143"
"benperidol"	"DB12867"
"levorphanol"	"DB00854"
"ritiometan"	"DB13267"
"fostemsavir"	"DB11796"
"alisporivir"	"DB12139"
"fleroxacin"	"DB04576"
"atezolizumab"	"DB11595"
"silicon"	"DB12982"
"wheat bran"	"DB10685"
"taselisib"	"DB12108"
"oxyquinoline"	"DB11145"
"edrecolomab"	"DB13375"
"sodium lauryl sulfate"	"DB00815"
"endostatin"	"DB06423"
"butabarbital"	"DB00237"
"ralimetinib"	"DB11787"
"vercirnon"	"DB15250"
"momelotinib"	"DB11763"
"methylchloroisothiazolinone"	"DB14197"
"vincamine"	"DB13374"
"dichlorobenzyl alcohol"	"DB13269"
"beclamide"	"DB09011"
"echinacea purpurea"	"DB14239"
"simtuzumab"	"DB12152"
"batroxobin"	"DB09005"
"lesinurad"	"DB11560"
"talimogene laherparepvec"	"DB13896"
"vanutide cridificar"	"DB12132"
"enzastaurin"	"DB06486"
"avelumab"	"DB11945"
"flutemetamol"	"DB15058"
"methyclothiazide"	"DB00232"
"galactose"	"DB11735"
"esketamine"	"DB11823"
"cholic acid"	"DB02659"
"sulfabenzamide"	"DB09355"
"paritaprevir"	"DB09297"
"vanadium"	"DB13971"
"metharbital"	"DB00463"
"selonsertib"	"DB14916"
"ubiquinol"	"DB11340"
"sitaxentan"	"DB06268"
"azintamide"	"DB13992"
"anthralin"	"DB11157"
"inosine"	"DB04335"
"veralipride"	"DB13523"
"incadronic acid"	"DB06255"
"formic acid"	"DB01942"
"thyme"	"DB10983"
"trofosfamide"	"DB12902"
"diethyltoluamide"	"DB11282"
"fluocortolone"	"DB08971"
"timonacic"	"DB12856"
"pheneturide"	"DB13362"
"butyric acid"	"DB03568"
"anisindione"	"DB01125"
"chlorotrianisene"	"DB00269"
"imidazole"	"DB03366"
"pentetic acid"	"DB14007"
"magnesium trisilicate"	"DB09281"
"safinamide"	"DB06654"
"ambazone"	"DB13697"
"omega-3-carboxylic acids"	"DB09568"
"chlormezanone"	"DB01178"
"lodenafil carbonate"	"DB11927"
"medrogestone"	"DB09124"
"interferon alfa-n3"	"DB00018"
"indium in-111"	"DB11916"
"corn"	"DB10572"
"ethotoin"	"DB00754"
"urofollitropin"	"DB00094"
"guanabenz"	"DB00629"
"morclofone"	"DB13558"
"arnica montana flower"	"DB14343"
"mafosfamide"	"DB12083"
"oregano"	"DB10677"
"golotimod"	"DB05475"
"bordetella pertussis filamentous hemagglutinin antigen (formaldehyde inactivated)"	"DB10788"
"metipranolol"	"DB01214"
"tiropramide"	"DB13091"
"corynebacterium diphtheriae toxoid antigen (formaldehyde inactivated)"	"DB10584"
"ethanolamine oleate"	"DB06689"
"roxadustat"	"DB04847"
"invert sugar"	"DB09344"
"cyclopropane"	"DB13984"
"dehydrocholic acid"	"DB11622"
"manganese gluconate"	"DB11141"
"phthalylsulfathiazole"	"DB13248"
"fenfluramine"	"DB00574"
"diloxanide furoate"	"DB14638"
"nutmeg"	"DB10676"
"turoctocog alfa"	"DB09109"
"vonoprazan"	"DB11739"
"magnesium ascorbate"	"DB14484"
"mocetinostat"	"DB11830"
"parsley"	"DB10647"
"cupric oxide"	"DB11134"
"pitolisant"	"DB11642"
"perflenapent"	"DB11625"
"ferumoxides"	"DB09508"
"evacetrapib"	"DB11655"
"bleselumab"	"DB15253"
"maribavir"	"DB06234"
"motexafin gadolinium"	"DB05428"
"nadh"	"DB00157"
"conestat alfa"	"DB09228"
"niclosamide"	"DB06803"
"osimertinib"	"DB09330"
"cinitapride"	"DB08810"
"velpatasvir"	"DB11613"
"aluminum oxide"	"DB11342"
"hydrogen"	"DB15127"
"neisseria meningitidis serogroup b recombinant lp2086 a05 protein variant antigen"	"DB10284"
"balapiravir"	"DB12283"
"olaptesed pegol"	"DB11707"
"phenylbutazone"	"DB00812"
"lavender oil"	"DB14566"
"tafenoquine"	"DB06608"
"phenyltoloxamine"	"DB11160"
"ethylmorphine"	"DB01466"
"bacampicillin"	"DB01602"
"sulfinpyrazone"	"DB01138"
"dupilumab"	"DB12159"
"cloprednol"	"DB13843"
"deoxycholic acid"	"DB03619"
"phenformin"	"DB00914"
"parnaparin"	"DB09260"
"aceglutamide"	"DB04167"
"polysorbate 20"	"DB11178"
"tezepelumab"	"DB15090"
"meradimate"	"DB11096"
"troleandomycin"	"DB13179"
"iopanoic acid"	"DB08946"
"poractant alfa"	"DB09113"
"thymidine"	"DB04485"
"ammonia"	"DB11118"
"pyrethrum extract"	"DB11087"
"tralokinumab"	"DB12169"
"varlilumab"	"DB11930"
"amaranthus hybridus pollen"	"DB15503"
"sulbenicillin"	"DB13693"
"bentiromide"	"DB00522"
"panax notoginseng root"	"DB14304"
"opicinumab"	"DB14959"
"zinc picolinate"	"DB11175"
"pipecuronium"	"DB01338"
"trelagliptin"	"DB15323"
"choline salicylate"	"DB14006"
"tolazamide"	"DB00839"
"fasudil"	"DB08162"
"brodalumab"	"DB11776"
"aluminum chlorohydrate"	"DB11573"
"thrombopoietin"	"DB06534"
"phenoxyethanol"	"DB11304"
"cesium"	"DB15392"
"acalabrutinib"	"DB11703"
"vespula maculifrons venom protein"	"DB10956"
"lumretuzumab"	"DB12683"
"epacadostat"	"DB11717"
"filanesib"	"DB06040"
"silver oxide"	"DB15668"
"apalutamide"	"DB11901"
"apis mellifera venom"	"DB10955"
"benzylpenicilloyl polylysine"	"DB00895"
"cefroxadine"	"DB11367"
"cholecystokinin"	"DB08862"
"gamolenic acid"	"DB13854"
"magnesium stearate"	"DB14077"
"octenidine"	"DB12624"
"chloroxine"	"DB01243"
"fusafungine"	"DB08965"
"aluminum zirconium tetrachlorohydrex gly"	"DB11149"
"olaratumab"	"DB06043"
"acacia"	"DB10451"
"scorpion (centruroides) immune fab2 antivenin (equine)"	"DB13905"
"sodium borate"	"DB14505"
"hexapropymate"	"DB13662"
"betula lenta pollen"	"DB10352"
"etofenamate"	"DB08984"
"avatrombopag"	"DB11995"
"acotiamide"	"DB12482"
"pipenzolate"	"DB13844"
"flibanserin"	"DB04908"
"reserpine"	"DB00206"
"technetium tc-99m oxidronate"	"DB09139"
"dexfenfluramine"	"DB01191"
"ferrous glycine sulfate"	"DB14501"
"influenza a virus a/christchurch/16/2010 nib-74 (h1n1) antigen (propiolactone inactivated)"	"DB10781"
"emivirine"	"DB08188"
"eluxadoline"	"DB09272"
"hydroxyamphetamine"	"DB09352"
"pepsin"	"DB13198"
"benzylthiouracil"	"DB13804"
"chlorquinaldol"	"DB13306"
"phosphorus p-32"	"DB14551"
"gadofosveset trisodium"	"DB06705"
"10-hydroxycamptothecin"	"DB12385"
"trolamine salicylate"	"DB11079"
"paspalum notatum pollen"	"DB10349"
"birinapant"	"DB11782"
"aducanumab"	"DB12274"
"benzododecinium"	"DB13282"
"aloe vera flower"	"DB14254"
"hydrocortisone probutate"	"DB14543"
"lumacaftor"	"DB09280"
"rimonabant"	"DB06155"
"propamidine"	"DB13296"
"kinetin"	"DB11336"
"lurbinectedin"	"DB12674"
"methyl-1-testosterone"	"DB01572"
"dextrorphan"	"DB14682"
"enflurane"	"DB00228"
"clobenzorex"	"DB13561"
"fenproporex"	"DB01550"
"iodine i-125"	"DB14804"
"stannous chloride"	"DB11056"
"muraglitazar"	"DB06510"
"cefetamet"	"DB13504"
"doxapram"	"DB00561"
"cafedrine"	"DB12926"
"savolitinib"	"DB12048"
"sebelipase alfa"	"DB11563"
"deslanoside"	"DB01078"
"carbenoxolone"	"DB02329"
"duvelisib"	"DB11952"
"elm"	"DB14258"
"chlorphenesin"	"DB00856"
"enadenotucirev"	"DB14873"
"bufexamac"	"DB13346"
"hematin"	"DB13387"
"tenofovir alafenamide"	"DB09299"
"choline magnesium trisalicylate"	"DB01401"
"flumequine"	"DB08972"
"cresol"	"DB11143"
"bretylium"	"DB01158"
"human papillomavirus type 16 l1 capsid protein residues 2-471 antigen"	"DB10994"
"theanine"	"DB12444"
"echinacea"	"DB14240"
"celery"	"DB10517"
"patiromer"	"DB09263"
"olmutinib"	"DB13164"
"diperodon"	"DB11513"
"viloxazine"	"DB09185"
"ublituximab"	"DB11850"
"cantharidin"	"DB12328"
"chloramphenicol palmitate"	"DB14658"
"vadastuximab talirine"	"DB11884"
"seratrodast"	"DB06739"
"dioxybenzone"	"DB11221"
"lorlatinib"	"DB12130"
"diphenylpyraline"	"DB01146"
"fevipiprant"	"DB12011"
"cariprazine"	"DB06016"
"chrysin"	"DB15581"
"thrombin alfa"	"DB11572"
"sulfadimethoxine"	"DB06150"
"raxibacumab"	"DB08902"
"dipipanone"	"DB01491"
"brolucizumab"	"DB14864"
"verubecestat"	"DB12285"
"tacrine"	"DB00382"
"aminolevulinic acid"	"DB00855"
"buckwheat"	"DB10512"
"reproterol"	"DB12846"
"quisinostat"	"DB12985"
"adenosine phosphate"	"DB00131"
"cetiedil"	"DB13753"
"nitroxoline"	"DB01422"
"indian frankincense"	"DB14275"
"moperone"	"DB13554"
"pibrentasvir"	"DB13878"
"glecaprevir"	"DB13879"
"clebopride"	"DB13511"
"potassium lactate"	"DB09483"
"histidine"	"DB00117"
"fimasartan"	"DB09279"
"ferric sodium citrate"	"DB13771"
"aminoglutethimide"	"DB00357"
"pheneticillin"	"DB13337"
"carbenicillin"	"DB00578"
"glucose oxidase"	"DB12862"
"morus rubra pollen"	"DB10373"
"coral snake (micrurus fulvius) immune globulin antivenin (equine)"	"DB13883"
"aripiprazole lauroxil"	"DB14185"
"albumin human"	"DB00062"
"atlantic cod"	"DB10861"
"mesterolone"	"DB13587"
"acetohydroxamic acid"	"DB00551"
"acetarsol"	"DB13268"
"fenoldopam"	"DB00800"
"hydroflumethiazide"	"DB00774"
"ravidasvir"	"DB15652"
"ixekizumab"	"DB11569"
"lobaplatin"	"DB13049"
"bupranolol"	"DB08808"
"andexanet alfa"	"DB14562"
"itacitinib"	"DB12154"
"gadobenic acid"	"DB00743"
"oryctolagus cuniculus skin"	"DB10607"
"solenopsis invicta"	"DB10419"
"etelcalcetide"	"DB12865"
"bicisate"	"DB11164"
"coagulation factor x human"	"DB13148"
"polatuzumab vedotin"	"DB12240"
"emactuzumab"	"DB14905"
"onalespib"	"DB06306"
"somatorelin"	"DB12656"
"sulfisoxazole"	"DB00263"
"boldenone"	"DB01541"
"tripelennamine"	"DB00792"
"mitoguazone"	"DB12967"
"perchlorate"	"DB03138"
"peficitinib"	"DB11708"
"cathinone"	"DB01560"
"anisodamine"	"DB11785"
"uridine triacetate"	"DB09144"
"pimavanserin"	"DB05316"
"enviomycin"	"DB08993"
"sparfloxacin"	"DB01208"
"maltodextrin"	"DB12583"
"fostamatinib"	"DB12010"
"setrobuvir"	"DB12051"
"barbital"	"DB01483"
"gallamine triethiodide"	"DB00483"
"antithrombin alfa"	"DB11166"
"entospletinib"	"DB12121"
"dolichovespula arenaria venom protein"	"DB10957"
"uridine"	"DB02745"
"sodium chlorite"	"DB13210"
"methylthioinosine"	"DB02896"
"encainide"	"DB01228"
"aluminum chloride"	"DB11081"
"tilia americana pollen"	"DB10732"
"valbenazine"	"DB11915"
"perflubron"	"DB05791"
"spinosad"	"DB08823"
"carbonate ion"	"DB14531"
"zinc citrate"	"DB11154"
"sodium sulfate"	"DB09472"
"naftazone"	"DB13680"
"roxatidine acetate"	"DB08806"
"clostridium tetani"	"DB09876"
"bimekizumab"	"DB12917"
"navitoclax"	"DB12340"
"proglumetacin"	"DB13527"
"meldonium"	"DB13723"
"apricot"	"DB10502"
"pefloxacin"	"DB00487"
"salsola kali pollen"	"DB10388"
"taurolidine"	"DB12473"
"obeticholic acid"	"DB05990"
"lifitegrast"	"DB11611"
"guadecitabine"	"DB11918"
"aniracetam"	"DB04599"
"black walnut"	"DB10919"
"thioproperazine"	"DB01622"
"reslizumab"	"DB06602"
"tucidinostat"	"DB06334"
"ipidacrine"	"DB13668"
"glutethimide"	"DB01437"
"rociverine"	"DB13581"
"catumaxomab"	"DB06607"
"ethylenediamine"	"DB14189"
"propoxycaine"	"DB09342"
"mosapramine"	"DB13676"
"mazaticol"	"DB13448"
"ferumoxsil"	"DB09507"
"pipemidic acid"	"DB13823"
"ralinepag"	"DB12462"
"iophendylate"	"DB01187"
"lemon"	"DB10538"
"ocrylate"	"DB15086"
"bassia scoparia pollen"	"DB10928"
"sorghum halepense pollen"	"DB10365"
"doravirine"	"DB12301"
"dibotermin alfa"	"DB11639"
"tarextumab"	"DB12104"
"bafetinib"	"DB11851"
"sucrose"	"DB02772"
"inolimomab"	"DB15628"
"semuloparin"	"DB06294"
"pridopidine"	"DB11947"
"enoxacin"	"DB00467"
"technetium tc-99m pertechnetate"	"DB09314"
"passiflora incarnata flower"	"DB13974"
"lypressin"	"DB14642"
"telcagepant"	"DB12228"
"alprenolol"	"DB00866"
"penfluridol"	"DB13791"
"iron protein succinylate"	"DB11209"
"halazepam"	"DB00801"
"niraparib"	"DB11793"
"glycol salicylate"	"DB11323"
"polyestradiol phosphate"	"DB09369"
"oprozomib"	"DB11991"
"udenafil"	"DB06267"
"masitinib"	"DB11526"
"sotatercept"	"DB12118"
"epratuzumab"	"DB04958"
"latamoxef"	"DB04570"
"cumin"	"DB10864"
"efmoroctocog alfa"	"DB11607"
"nifuratel"	"DB13724"
"cabiralizumab"	"DB15082"
"idasanutlin"	"DB12325"
"norethindrone enanthate"	"DB14678"
"hypochlorous acid"	"DB14135"
"risankizumab"	"DB14762"
"human papillomavirus type 11 l1 capsid protein antigen"	"DB10300"
"cediranib"	"DB04849"
"technetium tc-99m exametazime"	"DB09163"
"squaric acid dibutyl ester"	"DB12223"
"sermorelin"	"DB00010"
"xenon"	"DB13453"
"vinflunine"	"DB11641"
"pecan"	"DB10555"
"guanethidine"	"DB01170"
"sarilumab"	"DB11767"
"idoxuridine"	"DB00249"
"voxilaprevir"	"DB12026"
"etrolizumab"	"DB12189"
"brigatinib"	"DB12267"
"crenolanib"	"DB11832"
"epigallocatechin gallate"	"DB12116"
"luseogliflozin"	"DB12214"
"prexasertib"	"DB12008"
"ketanserin"	"DB12465"
"ginger oil"	"DB14690"
"deoxyepinephrine"	"DB13917"
"cabbage"	"DB10513"
"tacedinaline"	"DB12291"
"hymecromone"	"DB07118"
"hydroquinine"	"DB13718"
"pidilizumab"	"DB15383"
"fedratinib"	"DB12500"
"seribantumab"	"DB11857"
"aurothioglucose"	"DB09121"
"urea c-13"	"DB09510"
"tedizolid"	"DB14569"
"ripasudil"	"DB13165"
"osilodrostat"	"DB11837"
"acetamide"	"DB02736"
"cyclandelate"	"DB04838"
"mebhydrolin"	"DB13808"
"pacritinib"	"DB11697"
"talazoparib"	"DB11760"
"rumex acetosella pollen"	"DB10359"
"amyl nitrite"	"DB01612"
"eteplirsen"	"DB06014"
"cimetropium"	"DB09271"
"bekanamycin"	"DB13673"
"quinupristin"	"DB01369"
"sulfadoxine"	"DB01299"
"ingavirin"	"DB11944"
"nusinersen"	"DB13161"
"proline"	"DB00172"
"diethylcarbamazine"	"DB00711"
"trehalose"	"DB12310"
"rucaparib"	"DB12332"
"fumagillin"	"DB02640"
"enasidenib"	"DB13874"
"human botulinum neurotoxin a/b immune globulin"	"DB14115"
"edrophonium"	"DB01010"
"crisaborole"	"DB05219"
"tymazoline"	"DB08803"
"ceftobiprole medocaril"	"DB14733"
"xanthium strumarium pollen"	"DB10356"
"levomefolic acid"	"DB11256"
"picotamide"	"DB13327"
"arbutin"	"DB11217"
"tirabrutinib"	"DB15227"
"tolazoline"	"DB00797"
"bimagrumab"	"DB12584"
"ferrous aspartate"	"DB13220"
"plitidepsin"	"DB04977"
"dotatate gallium ga-68"	"DB13925"
"medrysone"	"DB00253"
"ceftobiprole"	"DB04918"
"pramiracetam"	"DB13247"
"gadopentetic acid"	"DB00789"
"bitolterol"	"DB00901"
"azatadine"	"DB00719"
"vanucizumab"	"DB12317"
"amatuximab"	"DB12845"
"moxisylyte"	"DB09205"
"pridinol"	"DB13642"
"tanezumab"	"DB12335"
"butyrfentanyl"	"DB09173"
"bictegravir"	"DB11799"
"chlortetracycline"	"DB09093"
"bezlotoxumab"	"DB13140"
"rivipansel"	"DB12778"
"benzoin"	"DB14020"
"galunisertib"	"DB11911"
"citrus bioflavonoids"	"DB14586"
"defactinib"	"DB12282"
"deltamethrin"	"DB13600"
"cypermethrin"	"DB13721"
"edetate sodium"	"DB13404"
"iotrolan"	"DB09487"
"cobalt"	"DB14574"
"caramiphen"	"DB11504"
"epitestosterone"	"DB07768"
"blue crab"	"DB10979"
"roquinimex"	"DB11366"
"isothipendyl"	"DB08802"
"sulfapyridine"	"DB00891"
"serine"	"DB00133"
"urtica dioica pollen"	"DB10763"
"soybean"	"DB10568"
"pyritinol"	"DB13084"
"diamorphine"	"DB01452"
"aminomethylbenzoic acid"	"DB13244"
"opicapone"	"DB11632"
"telotristat ethyl"	"DB12095"
"paramethasone"	"DB01384"
"populus tremuloides pollen"	"DB10456"
"plecanatide"	"DB13170"
"phosphocreatine"	"DB13191"
"pentosan polysulfate"	"DB00686"
"midomafetamine"	"DB01454"
"voclosporin"	"DB11693"
"felypressin"	"DB00093"
"bombyx mori fiber"	"DB10609"
"lanadelumab"	"DB14597"
"flavin mononucleotide"	"DB03247"
"tavolixizumab"	"DB15042"
"niceritrol"	"DB13441"
"rigosertib"	"DB12146"
"oxypurinol"	"DB05262"
"istiratumab"	"DB15363"
"alnus rubra pollen"	"DB10721"
"indium in-111 oxyquinoline"	"DB09473"
"carob"	"DB10852"
"tetrakis(2-methoxyisobutylisocyanide)copper(i) tetrafluoroborate"	"DB14106"
"mefruside"	"DB13405"
"amitriptylinoxide"	"DB13114"
"telisotuzumab vedotin"	"DB15104"
"betula populifolia pollen"	"DB10724"
"seproxetine"	"DB06731"
"entrectinib"	"DB11986"
"keyhole limpet hemocyanin"	"DB05299"
"oleclumab"	"DB15088"
"trovafloxacin"	"DB00685"
"vatalanib"	"DB04879"
"tribulus terrestris root"	"DB14266"
"clofenotane"	"DB13424"
"deutetrabenazine"	"DB12161"
"zinc carbonate"	"DB14494"
"vinyl ether"	"DB13690"
"aleglitazar"	"DB08915"
"pevonedistat"	"DB11759"
"carbetocin"	"DB01282"
"carboxyamidotriazole"	"DB11960"
"dinoprost tromethamine"	"DB01160"
"melitracen"	"DB13384"
"enprostil"	"DB13824"
"ivosidenib"	"DB14568"
"fluciclovine"	"DB15237"
"bergamot oil"	"DB14335"
"lobeline"	"DB05137"
"sinecatechins"	"DB01266"
"ganitumab"	"DB12205"
"ubrogepant"	"DB15328"
"polihexanide"	"DB12277"
"sodium tartrate"	"DB13707"
"diroximel fumarate"	"DB14783"
"odalasvir"	"DB13041"
"tazemetostat"	"DB12887"
"melaleuca quinquenervia pollen"	"DB10478"
"gold au-198"	"DB13427"
"amonafide"	"DB05022"
"zipeprol"	"DB13564"
"abaloparatide"	"DB05084"
"fominoben"	"DB08968"
"efonidipine"	"DB09235"
"tisagenlecleucel"	"DB13881"
"tannic acid"	"DB09372"
"guselkumab"	"DB11834"
"balicatib"	"DB12239"
"methyprylon"	"DB01107"
"cerliponase alfa"	"DB13173"
"clonazolam"	"DB14716"
"carfentanil"	"DB01535"
"sodium ascorbate"	"DB14482"
"chlorbenzoxamine"	"DB13788"
"copanlisib"	"DB12483"
"tetrahydrouridine"	"DB12484"
"favipiravir"	"DB12466"
"hydroxyethyl cellulose"	"DB11602"
"proglumide"	"DB13431"
"ertugliflozin"	"DB11827"
"thiamphenicol"	"DB08621"
"vesatolimod"	"DB12687"
"ferrous ascorbate"	"DB14490"
"bemotrizinol"	"DB11206"
"coconut"	"DB10523"
"amifampridine"	"DB11640"
"toluene"	"DB11558"
"n-acetylglucosamine"	"DB00141"
"saruplase"	"DB13646"
"chromium"	"DB11136"
"indoximod"	"DB12827"
"phensuximide"	"DB00832"
"ibalizumab"	"DB12698"
"tertatolol"	"DB13775"
"cenicriviroc"	"DB11758"
"dihydromorphine"	"DB01565"
"scutellaria lateriflora"	"DB14339"
"monalizumab"	"DB12824"
"flubendazole"	"DB08974"
"vericiguat"	"DB15456"
"moringa oleifera leaf"	"DB14362"
"rice"	"DB10563"
"egg"	"DB10529"
"arginine glutamate"	"DB13207"
"haemophilus influenzae type b capsular polysaccharide meningococcal outer membrane protein conjugate antigen"	"DB10342"
"cinnamaldehyde"	"DB14184"
"bacillus calmette-guerin substrain danish 1331 live antigen"	"DB12386"
"influenza a virus a/hong kong/4801/2014 x-263b (h3n2) antigen (formaldehyde inactivated)"	"DB14457"
"axicabtagene ciloleucel"	"DB13915"
"almitrine"	"DB01430"
"tesidolumab"	"DB11926"
"mecasermin rinfabate"	"DB14751"
"orange"	"DB10549"
"piperidolate"	"DB13351"
"theodrenaline"	"DB12927"
"cinolazepam"	"DB01594"
"ilaprazole"	"DB11964"
"leptin"	"DB05098"
"titanium"	"DB14160"
"colforsin"	"DB02587"
"amlexanox"	"DB01025"
"ataluren"	"DB05016"
"parsaclisib"	"DB14867"
"beet"	"DB10640"
"influenza a virus a/hong kong/4801/2014 (h3n2) recombinant hemagglutinin antigen"	"DB14417"
"varlitinib"	"DB05944"
"ethinamate"	"DB01031"
"rovalpituzumab tesirine"	"DB13017"
"methapyrilene"	"DB04819"
"myrcludex b"	"DB14853"
"methoxyflurane"	"DB01028"
"acetyldihydrocodeine"	"DB01538"
"codrituzumab"	"DB14843"
"daprodustat"	"DB11682"
"4-methoxyamphetamine"	"DB01472"
"pentastarch"	"DB09111"
"policresulen"	"DB13492"
"biphenyl dimethyl dicarboxylate"	"DB12475"
"ichthammol"	"DB11341"
"basic fibroblast growth factor"	"DB14131"
"firtecan pegol"	"DB14953"
"fremanezumab"	"DB14041"
"dihydroergocornine"	"DB11273"
"phenacemide"	"DB01121"
"telotristat"	"DB14218"
"sus scrofa placenta"	"DB14243"
"elacytarabine"	"DB05494"
"uric acid"	"DB08844"
"trilaciclib"	"DB15442"
"epicoccum nigrum"	"DB10434"
"domagrozumab"	"DB15083"
"oregovomab"	"DB04964"
"cyclomethicone 5"	"DB11244"
"artenimol"	"DB11638"
"nickel sulfate"	"DB14180"
"vosaroxin"	"DB11999"
"anisotropine methylbromide"	"DB00517"
"latanoprostene bunod"	"DB11660"
"rociletinib"	"DB11907"
"semaglutide"	"DB13928"
"ro-6870810"	"DB15151"
"nitrate"	"DB14049"
"guacetisal"	"DB13538"
"galiximab"	"DB04901"
"letermovir"	"DB12070"
"captodiame"	"DB09014"
"rosin"	"DB11165"
"lumefantrine"	"DB06708"
"trolnitrate"	"DB13719"
"tetrandrine"	"DB14066"
"amylocaine"	"DB09088"
"depatuxizumab mafodotin"	"DB11731"
"napabucasin"	"DB12155"
"pegpleranib"	"DB06325"
"crenezumab"	"DB11959"
"oleic acid"	"DB04224"
"enterococcus faecium"	"DB14225"
"influenza a virus a/california/7/2009 (h1n1) recombinant hemagglutinin antigen"	"DB10773"
"umbralisib"	"DB14989"
"jojoba oil"	"DB14252"
"haemophilus influenzae type b strain 20752 capsular polysaccharide tetanus toxoid conjugate antigen"	"DB10990"
"baricitinib"	"DB11817"
"apatorsen"	"DB06094"
"quizartinib"	"DB12874"
"cherry"	"DB10518"
"levallorphan"	"DB00504"
"sarracenia purpurea"	"DB13965"
"filgotinib"	"DB14845"
"tucatinib"	"DB11652"
"betazole"	"DB00272"
"enfortumab vedotin"	"DB13007"
"tezacaftor"	"DB11712"
"delafloxacin"	"DB11943"
"chondrus crispus"	"DB14367"
"benzoin resin"	"DB11222"
"cathine"	"DB01486"
"bromodiphenhydramine"	"DB01237"
"fenbufen"	"DB08981"
"pinazepam"	"DB13335"
"tirapazamine"	"DB04858"
"lacnotuzumab"	"DB14928"
"chlorphenoxamine"	"DB09007"
"sulfuric acid"	"DB11309"
"xanthan gum"	"DB11253"
"cinnamyl alcohol"	"DB14186"
"budipine"	"DB13502"
"dropropizine"	"DB13785"
"rapastinel"	"DB11801"
"tildrakizumab"	"DB14004"
"technetium tc-99m disofenin"	"DB09164"
"spirapril"	"DB01348"
"avena sativa pollen"	"DB10377"
"etidronic acid"	"DB01077"
"lisuride"	"DB00589"
"3-methylfentanyl"	"DB01571"
"pumpkin"	"DB10892"
"mirvetuximab soravtansine"	"DB12489"
"cefpiramide"	"DB00430"
"adrafinil"	"DB08925"
"enoximone"	"DB04880"
"guaiacol"	"DB11359"
"tamibarotene"	"DB04942"
"brexanolone"	"DB11859"
"netarsudil"	"DB13931"
"cyclobarbital"	"DB13737"
"tyrothricin"	"DB13503"
"cemiplimab"	"DB14707"
"epirizole"	"DB08991"
"eucalyptus globulus pollen"	"DB10470"
"cefsulodin"	"DB13499"
"depatuxizumab"	"DB12826"
"fasinumab"	"DB12157"
"antazoline"	"DB08799"
"selicrelumab"	"DB14958"
"emicizumab"	"DB13923"
"ferric subsulfate"	"DB13885"
"berzosertib"	"DB11794"
"cefamandole nafate"	"DB14725"
"etirinotecan pegol"	"DB14951"
"danvatirsen"	"DB14825"
"sodium zirconium cyclosilicate"	"DB14048"
"phenothrin"	"DB13717"
"ceralasertib"	"DB14917"
"poziotinib"	"DB12114"
"penicillium chrysogenum var. chrysogenum"	"DB10439"
"volanesorsen"	"DB15067"
"fospropofol"	"DB06716"
"lusutrombopag"	"DB13125"
"broussonetia papyrifera pollen"	"DB10736"
"gadoxetic acid"	"DB08884"
"upadacitinib"	"DB15091"
"dostarlimab"	"DB15627"
"pegvorhyaluronidase alfa"	"DB14912"
"sobrerol"	"DB13315"
"sotagliflozin"	"DB12713"
"evogliptin"	"DB12625"
"basil"	"DB10829"
"oxyphenbutazone"	"DB03585"
"erenumab"	"DB14039"
"broccoli"	"DB10511"
"lanatoside c"	"DB13467"
"rogaratinib"	"DB15078"
"sutimlimab"	"DB14996"
"6-o-benzylguanine"	"DB11919"
"triclocarban"	"DB11155"
"ioxitalamic acid"	"DB13444"
"elagolix"	"DB11979"
"utomilumab"	"DB15113"
"galcanezumab"	"DB14042"
"linrodostat"	"DB14986"
"baloxavir marboxil"	"DB13997"
"bempegaldesleukin"	"DB15140"
"pepinemab"	"DB15155"
"vopratelimab"	"DB15378"
"spartalizumab"	"DB14892"
"patritumab"	"DB12090"
"relatlimab"	"DB14851"
"telaglenastat"	"DB15232"
"technetium tc-99m red blood cells"	"DB09493"
"patisiran"	"DB14582"
"pivmecillinam"	"DB01605"
"migalastat"	"DB05018"
"influenza a virus a/california/7/2009 x-179a (h1n1) hemagglutinin antigen (formaldehyde inactivated)"	"DB14383"
"cergutuzumab amunaleukin"	"DB14874"
"methcathinone"	"DB15339"
"epoetin delta"	"DB11624"
"metribolone"	"DB02998"
"citarinostat"	"DB15449"
"avadomide"	"DB14857"
"wormwood"	"DB14291"
"clove"	"DB10672"
"asparagus"	"DB10503"
"propicillin"	"DB13660"
"cyclopentamine"	"DB08999"
"dapoxetine"	"DB04884"
"penamecillin"	"DB13739"
"vestronidase alfa"	"DB12366"
"pinometostat"	"DB12920"
"infigratinib"	"DB11886"
"elenbecestat"	"DB15391"
"pexidartinib"	"DB12978"
"somatrogon"	"DB14960"
"triflupromazine"	"DB00508"
"molgramostim"	"DB12525"
"capmatinib"	"DB11791"
"tafasitamab"	"DB15044"
"midecamycin"	"DB13456"
"gemigliptin"	"DB12412"
"carbromal"	"DB13817"
"inotersen"	"DB14713"
"nifurtimox"	"DB11820"
"padimate o"	"DB11570"
"tebentafusp"	"DB15283"
"forodesine"	"DB06185"
"bimiralisib"	"DB14846"
"aurotioprol"	"DB13763"
"laromustine"	"DB05817"
"spaglumic acid"	"DB08835"
"nelipepimut-s"	"DB06226"
"racemethionine"	"DB13972"
"veledimex"	"DB12170"
"protein s human"	"DB13149"
"moxetumomab pasudotox"	"DB12688"
"zanubrutinib"	"DB15035"
"plevitrexed"	"DB06163"
"palmidrol"	"DB14043"
"narlaprevir"	"DB14760"
"enoblituzumab"	"DB15017"
"evocalcet"	"DB12388"
"arachidonic acid"	"DB04557"
"orotic acid"	"DB02262"
"threonine"	"DB00156"
"mirogabalin"	"DB11825"
"tislelizumab"	"DB14922"
"nimorazole"	"DB12172"
"propyl alcohol"	"DB03175"
"elobixibat"	"DB12486"
"cetrelimab"	"DB15421"
"bacillus calmette-guerin substrain tokyo 172-1 live antigen"	"DB14968"
"sunflower oil"	"DB14329"
"pemirolast"	"DB00885"
"plinabulin"	"DB05992"
"zorubicin"	"DB11618"
"esculin"	"DB13155"
"lemborexant"	"DB11951"
"plazomicin"	"DB12615"
"ramatroban"	"DB13036"
"dexamethasone isonicotinate"	"DB11487"
"larotrectinib"	"DB14723"
"boldenone undecylenate"	"DB14639"
"kojic acid"	"DB01759"
"fytic acid"	"DB14981"
"ferulic acid"	"DB07767"
"ligelizumab"	"DB11856"
"influenza a virus a/singapore/gp1908/2015 ivr-180 (h1n1) antigen (formaldehyde inactivated)"	"DB14461"
"levomenol"	"DB13153"
"lobeglitazone"	"DB09198"
"avapritinib"	"DB15233"
"wnt-974"	"DB12561"
"vantictumab"	"DB12956"
"lentil"	"DB10645"
"pegilodecakin"	"DB15162"
"ferrous tartrate"	"DB13639"
"telbermin"	"DB12639"
"bitopertin"	"DB12426"
"indopan"	"DB01446"
"hydrocortisone cypionate"	"DB14541"
"eravacycline"	"DB12329"
"amenamevir"	"DB11701"
"bamethan"	"DB13206"
"emapalumab"	"DB14724"
"revefenacin"	"DB11855"
"trimethaphan"	"DB01116"
"pyrvinium"	"DB06816"
"hypericin"	"DB13014"
"indium in-111 pentetreotide"	"DB11835"
"bencyclane"	"DB13488"
"rokitamycin"	"DB13409"
"pemigatinib"	"DB15102"
"bardoxolone methyl"	"DB05983"
"valproate bismuth"	"DB13910"
"damoctocog alfa pegol"	"DB14700"
"darolutamide"	"DB12941"
"ceftiofur"	"DB11485"
"ponesimod"	"DB12016"
"imidazole salicylate"	"DB13860"
"enarodustat"	"DB14985"
"indenolol"	"DB08952"
"droxicam"	"DB09215"
"vespula germanica venom protein"	"DB11030"
"tesetaxel"	"DB12019"
"ramiprilat"	"DB14208"
"ferric maltol"	"DB15598"
"erdafitinib"	"DB12147"
"piromidic acid"	"DB13744"
"fenoverine"	"DB13042"
"imrecoxib"	"DB12354"
"poa pratensis pollen"	"DB10366"
"burosumab"	"DB14012"
"aluminum sesquichlorohydrate"	"DB11108"
"omecamtiv mecarbil"	"DB11816"
"zabofloxacin"	"DB12479"
"magnesium peroxide"	"DB13486"
"aglatimagene besadenovec"	"DB15074"
"rasdegafusp alfa"	"DB15185"
"pyrotinib"	"DB14993"
"magnesium malate"	"DB15555"
"caplacizumab"	"DB06081"
"teprasiran"	"DB15064"
"cetrimonium"	"DB01718"
"bopindolol"	"DB08807"
"pegteograstim"	"DB15290"
"polyaminopropyl biguanide"	"DB15677"
"astaxanthin"	"DB06543"
"gdc-0077"	"DB15275"
"iscalimab"	"DB15260"
"fruquintinib"	"DB11679"
"spebrutinib"	"DB11764"
"sisomicin"	"DB12604"
"phosphorylcolamine"	"DB01738"
"grepafloxacin"	"DB00365"
"saracatinib"	"DB11805"
"triclabendazole"	"DB12245"
"luspatercept"	"DB12281"
"linopirdine"	"DB13806"
"proscillaridin"	"DB13307"
"onasemnogene abeparvovec"	"DB15528"
"tas-116"	"DB14876"
"omadacycline"	"DB12455"
"xylose"	"DB09419"
"eniluracil"	"DB03516"
"phenylbutyric acid"	"DB06819"
"panax quinquefolius whole"	"DB14296"
"macimorelin"	"DB13074"
"ozenoxacin"	"DB12924"
"deptropine"	"DB13466"
"tilbroquinol"	"DB13222"
"sarecycline"	"DB12035"
"ethyl salicylate"	"DB15576"
"elexacaftor"	"DB15444"
"meclofenamic acid"	"DB00939"
"beta carotene"	"DB06755"
"morinamide"	"DB13417"
"brivanib alaninate"	"DB11865"
"vorolanib"	"DB15247"
"human cord blood hematopoietic progenitor cell"	"DB11054"
"black pepper"	"DB10557"
"ferrous carbonate"	"DB13698"
"micronomicin"	"DB13274"
"barley"	"DB10506"
"turoctocog alfa pegol"	"DB14738"
"felis catus skin"	"DB10399"
"pidotimod"	"DB11364"
"egg white"	"DB10528"
"iodoform"	"DB13813"
"benorilate"	"DB13657"
"suramin"	"DB04786"
"clove oil"	"DB11338"
"polyethylene glycol"	"DB09287"
"bremelanotide"	"DB11653"
"prolintane"	"DB13438"
"surufatinib"	"DB15106"
"concord grape"	"DB10875"
"polistes fuscatus venom protein"	"DB10959"
"solriamfetol"	"DB14754"
"manganese citrate"	"DB14495"
"poppy seed"	"DB10681"
"vaborbactam"	"DB12107"
"huperzine a"	"DB04864"
"hexoprenaline"	"DB08957"
"flosequinan"	"DB13228"
"bentonite"	"DB11306"
"methylparaben"	"DB14212"
"balovaptan"	"DB14823"
"testolactone"	"DB00894"
"pegargiminase"	"DB06592"
"selitrectinib"	"DB14896"
"nepidermin"	"DB14145"
"human vaccinia virus immune globulin"	"DB14112"
"tecovirimat"	"DB12020"
"futibatinib"	"DB15149"
"influenza a virus a/brisbane/02/2018 ivr-190 (h1n1) antigen (formaldehyde inactivated)"	"DB15515"
"iodohippurate sodium i-131"	"DB09382"
"niaprazine"	"DB13687"
"crizanlizumab"	"DB15271"
"chlorine dioxide"	"DB12453"
"ravulizumab"	"DB11580"
"apr-246"	"DB11684"
"tiratricol"	"DB03604"
"kidney bean"	"DB10639"
"pegbelfermin"	"DB15365"
"matuzumab"	"DB05101"
"voxelotor"	"DB14975"
"proxyphylline"	"DB13449"
"dienestrol"	"DB00890"
"cocoa"	"DB10977"
"pemafibrate"	"DB15212"
"cantaloupe"	"DB10514"
"interleukin-7"	"DB11997"
"sodium molybdate"	"DB14496"
"selenomethionine"	"DB11142"
"cetyl alcohol"	"DB09494"
"quaternium-15"	"DB14198"
"cefiderocol"	"DB14879"
"clinofibrate"	"DB09006"
"aluminum sulfate"	"DB11239"
"rimegepant"	"DB12457"
"faricimab"	"DB15303"
"nitrazolam"	"DB14717"
"calcium lactate gluconate"	"DB13365"
"dirithromycin"	"DB00954"
"vernakalant"	"DB06217"
"talbutal"	"DB00306"
"camrelizumab"	"DB14776"
"trifarotene"	"DB12808"
"lasmiditan"	"DB11732"
"givosiran"	"DB15066"
"zolbetuximab"	"DB15118"
"relugolix"	"DB11853"
"inarigivir soproxil"	"DB15063"
"fendiline"	"DB08980"
"pidolic acid"	"DB03088"
"ethylestrenol"	"DB01493"
"umifenovir"	"DB13609"
"trastuzumab deruxtecan"	"DB14962"
"racementhol"	"DB14123"
"turpentine"	"DB11120"
"bronopol"	"DB13960"
"lefamulin"	"DB12825"
"dusquetide"	"DB11879"
"norelgestromin"	"DB06713"
"corticorelin"	"DB05394"
"triheptanoin"	"DB11677"
"evinacumab"	"DB15354"
"remdesivir"	"DB14761"
"nonivamide"	"DB11324"
"brovanexine"	"DB14720"
"nandrolone phenpropionate"	"DB00984"
"ferric ammonium citrate"	"DB09501"
"peanut oil"	"DB13964"
"resiniferatoxin"	"DB06515"
"ouabain"	"DB01092"
"dinalbuphine sebacate"	"DB15341"
"ramatercept"	"DB15116"
"desfesoterodine"	"DB15578"
"peanut"	"DB10553"
"ferric derisomaltose"	"DB15617"
"aprobarbital"	"DB01352"
"gossypol"	"DB13044"
"deserpidine"	"DB01089"
"elezanumab"	"DB15240"
"ripretinib"	"DB14840"
"magnesium orotate"	"DB13786"
"radotinib"	"DB12323"
"bempedoic acid"	"DB11936"
"buthionine sulfoximine"	"DB12870"
"carprofen"	"DB00821"
"olorofim"	"DB15245"
"lumateperone"	"DB06077"
"golodirsen"	"DB15593"
"methylatropine"	"DB13833"
"fosfructose"	"DB13863"
"gluconic acid"	"DB13180"
"pentolinium"	"DB01090"
"gallamine"	"DB13584"
